id,eventType,teamId,playerId,playerName,x,y,min,minAdded,isBlocked,isOnTarget,blockedX,blockedY,goalCrossedY,goalCrossedZ,expectedGoals,expectedGoalsOnTarget,shotType,situation,period,isOwnGoal,onGoalShot,firstName,lastName,teamColor,name,homeTeam,awayTeam,round,shortName
2442249835,AttemptSaved,9772,1137705,Enzo Fernandez,85.9235277731241,40.55357014653511,3,,True,True,93.2,38.200238096999996,35.9825,1.60526315,0.11129319667816162,,RightFoot,FreeKick,FirstHalf,False,"{'x': 0.47552910052910013, 'y': 0.424672791005291, 'zoomRatio': 1}",Enzo,Fernandez,#C00001,Benfica,Benfica,Arouca,1,
2442254001,Goal,9772,387499,Gilberto Junior,96.0263143160607,35.83000116348267,8,,False,True,,,35.525000000000006,1.2199999940000001,0.272293359041214,0.3334,Header,RegularPlay,FirstHalf,False,"{'x': 0.5965608465608451, 'y': 0.32275132116402117, 'zoomRatio': 1}",Gilberto,Junior,#C00001,Benfica,Benfica,Arouca,1,
2442258271,AttemptSaved,9772,300916,Joao Mário,98.4385950185607,36.89749941825867,14,,False,True,104.3362068966,34.1525,35.0675,0.9374736796,0.17877539992332458,0.0546,Header,RegularPlay,FirstHalf,False,"{'x': 0.7175925925925919, 'y': 0.24800890994708993, 'zoomRatio': 1}",Joao,Mário,#C00001,Benfica,Benfica,Arouca,1,
2442261411,Miss,9772,793066,David Neres,77.19175101133112,14.750827758628215,19,,False,False,,,42.46625,5.427586216,0.02903902530670166,,LeftFoot,FreeKick,FirstHalf,False,"{'x': 0, 'y': 0.6410850395393473, 'zoomRatio': 0.446478665288646}",David,Neres,#C00001,Benfica,Benfica,Arouca,1,
2442304599,AttemptSaved,158085,741103,Rafa Mujica,97.3771929818,34.22874941825867,20,,True,True,99.1140350876,34.305,34.4575,1.2199999940000001,0.3340981900691986,,LeftFoot,RegularPlay,FirstHalf,False,"{'x': 0.8789682539682532, 'y': 0.32275132116402117, 'zoomRatio': 1}",Rafa,Mujica,#106098,Arouca,Benfica,Arouca,1,
2443602497,Miss,9772,1137705,Enzo Fernandez,75.84028954553443,42.697500882148745,23,,False,False,,,25.8228125,6.270482770400001,0.0264,,RightFoot,RegularPlay,FirstHalf,False,"{'x': 1.883183898396414, 'y': 0.6772486772486772, 'zoomRatio': 0.4082620260252617}",Enzo,Fernandez,#C00001,Benfica,Benfica,Arouca,1,
2443606317,Miss,9772,300916,Joao Mário,78.65582352553443,41.05785778423244,25,,False,False,,,36.36375,4.0980689704,0.0297,,LeftFoot,RegularPlay,FirstHalf,False,"{'x': 0.6093656372283287, 'y': 0.6772486772486772, 'zoomRatio': 0.6246844595566009}",Joao,Mário,#C00001,Benfica,Benfica,Arouca,1,
2442271097,AttemptSaved,9772,793066,David Neres,91.0999984741211,24.839999470556435,32,,True,True,92.7,25.7071875,36.745000000000005,0.5329473658000001,0.07228845357894897,,RightFoot,RegularPlay,FirstHalf,False,"{'x': 0.2738095238095226, 'y': 0.14099136661375664, 'zoomRatio': 1}",David,Neres,#C00001,Benfica,Benfica,Arouca,1,
2442273631,Miss,9772,1053838,Morato,100.16379455075413,38.368333335,35,,False,False,,,42.00375,3.6201379344000006,0.16364026069641113,,Header,FromCorner,FirstHalf,False,"{'x': 0, 'y': 0.45230522372637855, 'zoomRatio': 0.4722786193971578}",,Morato,#C00001,Benfica,Benfica,Arouca,1,
2442277115,Post,9772,940087,Goncalo Ramos,97.7631593665393,34.07624883651734,42,,False,False,,,36.440000000000005,2.476,0.17952948808670044,,Header,RegularPlay,FirstHalf,False,"{'x': 0.3544973544973533, 'y': 0.655026455026455, 'zoomRatio': 1}",Goncalo,Ramos,#C00001,Benfica,Benfica,Arouca,1,
2442277139,Goal,9772,477023,Rafa Silva,102.72413648424586,36.2875,42,,False,True,,,35.75375,0.3659999982,0.7176198959350586,0.9513,Header,RegularPlay,FirstHalf,False,"{'x': 0.5360449735449745, 'y': 0.09682539634920634, 'zoomRatio': 1}",Rafa,Silva,#C00001,Benfica,Benfica,Arouca,1,
2442280259,Miss,9772,288406,Alex Grimaldo,85.81617647,47.433887485374264,45,4.0,False,False,,,38.200238096999996,1.9648420956000001,0.0544717013835907,,LeftFoot,FreeKick,FirstHalf,False,"{'x': 0, 'y': 0.46779302749607954, 'zoomRatio': 0.8999489821064788}",Alex,Grimaldo,#C00001,Benfica,Benfica,Arouca,1,
2442281843,Goal,9772,1137705,Enzo Fernandez,91.0,37.86404890346489,45,6.0,False,True,,,34.22875,0.1219999994,0.06864628195762634,0.033,RightFoot,RegularPlay,FirstHalf,False,"{'x': 0.9394841269841275, 'y': 0.032275132116402115, 'zoomRatio': 1}",Enzo,Fernandez,#C00001,Benfica,Benfica,Arouca,1,
2442291871,Miss,9772,940087,Goncalo Ramos,96.50877045656071,30.568749999999998,49,,False,False,,,27.698571428000005,1.2456842044,0.17252439260482788,,LeftFoot,RegularPlay,SecondHalf,False,"{'x': 2, 'y': 0.19768282543661939, 'zoomRatio': 0.5998639763681837}",Goncalo,Ramos,#C00001,Benfica,Benfica,Arouca,1,
2442295541,AttemptSaved,158085,1248736,Antony,84.28689148553444,24.955625,59,,False,True,104.051724138,32.3225,33.00875,1.4254736772,0.01459658145904541,0.0562,RightFoot,RegularPlay,SecondHalf,False,"{'x': 1.26223544973545, 'y': 0.3771094384126984, 'zoomRatio': 1}",,Antony,#106098,Arouca,Benfica,Arouca,1,
2442297115,Miss,9772,566644,Chiquinho,93.4000015258789,42.35062455892563,65,,False,False,,,34.4575,3.9764137976,0.09340378642082214,,RightFoot,RegularPlay,SecondHalf,False,"{'x': 0.9220802246415403, 'y': 0.6772486772486772, 'zoomRatio': 0.6437961767321879}",,Chiquinho,#C00001,Benfica,Benfica,Arouca,1,
2442298509,AttemptSaved,9772,566644,Chiquinho,91.5,42.7553125,67,,True,True,94.5789473669,43.790573243599994,31.1025,1.6951578864,0.05955740809440613,,RightFoot,RegularPlay,SecondHalf,False,"{'x': 1.7665343915343916, 'y': 0.4484544673015873, 'zoomRatio': 1}",,Chiquinho,#C00001,Benfica,Benfica,Arouca,1,
2442299793,Miss,9772,288406,Alex Grimaldo,79.55679783606556,44.63133971337427,69,,False,False,,,25.649375000000003,0.1797894728,0.025821328163146973,,LeftFoot,RegularPlay,SecondHalf,False,"{'x': 2, 'y': 0.0215300618576454, 'zoomRatio': 0.4526607289873516}",Alex,Grimaldo,#C00001,Benfica,Benfica,Arouca,1,
2442301857,Miss,9772,521421,Julian Weigl,85.81617647,29.211428570000002,73,,False,False,,,10.363601901800001,0.9824210478000001,0.02975425124168396,,RightFoot,RegularPlay,SecondHalf,False,"{'x': 2, 'y': 0.04156390680671499, 'zoomRatio': 0.15992284375544774}",Julian,Weigl,#C00001,Benfica,Benfica,Arouca,1,
2442302319,AttemptSaved,9772,1053838,Morato,82.4849514568,47.71413798622574,75,,False,True,103.8620689656,35.220000000000006,36.97375,0.20547368320000003,0.026660114526748657,0.2418,LeftFoot,RegularPlay,SecondHalf,False,"{'x': 0.21329365079365015, 'y': 0.05435811724867726, 'zoomRatio': 1}",,Morato,#C00001,Benfica,Benfica,Arouca,1,
2442302529,Miss,9772,643690,Roman Yaremchuk,91.0999984741211,37.768000091552736,76,,False,False,,,41.7146875,2.551,0.05693334341049194,,LeftFoot,RegularPlay,SecondHalf,False,"{'x': 0, 'y': 0.33066796289545125, 'zoomRatio': 0.4899744804958078}",Roman,Yaremchuk,#C00001,Benfica,Benfica,Arouca,1,
2442303475,Goal,9772,477023,Rafa Silva,97.7631593665393,31.10250058174133,86,,False,True,,,33.2375,0.9374736796,0.3673858642578125,0.322,RightFoot,RegularPlay,SecondHalf,False,"{'x': 1.2017195767195774, 'y': 0.24800890994708993, 'zoomRatio': 1}",Rafa,Silva,#C00001,Benfica,Benfica,Arouca,1,
2442303657,AttemptSaved,158085,866504,Moses Yaw,75.38980239026887,38.78857143,88,,False,True,103.8620689656,34.305,34.1525,0.7705263120000001,0.017815083265304565,0.0119,RightFoot,RegularPlay,SecondHalf,False,"{'x': 0.9596560846560838, 'y': 0.2038429396825397, 'zoomRatio': 1}",Moses,Yaw,#106098,Arouca,Benfica,Arouca,1,
2442303719,AttemptSaved,9772,288406,Alex Grimaldo,91.4000015258789,42.697500882148745,88,,True,True,96.8947368413,39.545000001,34.915000000000006,1.2199999940000001,0.07559782266616821,,LeftFoot,RegularPlay,SecondHalf,False,"{'x': 0.7579365079365064, 'y': 0.32275132116402117, 'zoomRatio': 1}",Alex,Grimaldo,#C00001,Benfica,Benfica,Arouca,1,
2442303803,Miss,9772,1137705,Enzo Fernandez,78.09271672953443,41.94593661785126,89,,False,False,,,35.75375,5.5492413888000005,0.020986199378967285,,RightFoot,FromCorner,SecondHalf,False,"{'x': 0.7859662637631798, 'y': 0.6772486772486772, 'zoomRatio': 0.46132431816118724}",Enzo,Fernandez,#C00001,Benfica,Benfica,Arouca,1,
2442566593,AttemptSaved,7841,816235,Andre Pereira,87.426470588,29.295474906535112,9,,True,True,93.5,31.636249999999997,37.50750000000001,1.2199999940000001,0.03918510675430298,,LeftFoot,RegularPlay,FirstHalf,False,"{'x': 0.0720899470899452, 'y': 0.32275132116402117, 'zoomRatio': 1}",Andre,Pereira,#015F24,Rio Ave,Rio Ave,Vizela,1,
2442569391,Miss,7841,993805,Miguel Nobrega,96.4122807008,37.431250000000006,10,,False,False,,,40.46952381,0.5329473658000001,0.059126585721969604,,Header,FromCorner,FirstHalf,False,"{'x': 1.1102230246251565e-16, 'y': 0.08237814427334184, 'zoomRatio': 0.5842779331234892}",Miguel,Nobrega,#015F24,Rio Ave,Rio Ave,Vizela,1,
2442573819,AttemptSaved,4531,1239771,Kiko,95.4473684198,46.24280147501287,12,,False,True,103.2931034484,36.51625,30.568749999999998,0.0385263156,0.07755613327026367,0.7855,LeftFoot,FastBreak,FirstHalf,False,"{'x': 1.9077380952380967, 'y': 0.010192146984126984, 'zoomRatio': 1}",,Kiko,#0868B0,Vizela,Rio Ave,Vizela,1,
2442582487,AttemptSaved,4531,1393417,Monsuru Opeyemi,93.80000305175781,29.631666665,17,,False,True,94.38596491070001,28.707142856,33.92375,0.7319999964,0.11762407422065735,0.1202,LeftFoot,RegularPlay,FirstHalf,False,"{'x': 1.0201719576719581, 'y': 0.19365079269841268, 'zoomRatio': 1}",Monsuru,Opeyemi,#0868B0,Vizela,Rio Ave,Vizela,1,
2442593851,AttemptSaved,7841,844440,Paulo Vitor,86.03087907624823,48.69503077551287,30,,True,True,89.5,46.312866238400005,34.68625,1.2199999940000001,0.027981817722320557,,RightFoot,RegularPlay,FirstHalf,False,"{'x': 0.8184523809523807, 'y': 0.32275132116402117, 'zoomRatio': 1}",Paulo,Vitor,#015F24,Rio Ave,Rio Ave,Vizela,1,
2442598649,AttemptSaved,4531,540414,Bruno Wilson,98.8245614033,37.507498836517335,35,,False,True,103.577586207,35.6775,33.39,2.1959999892,0.07238420844078064,0.1612,OtherBodyParts,FromCorner,FirstHalf,False,"{'x': 1.1613756613756612, 'y': 0.5809523780952381, 'zoomRatio': 1}",Bruno,Wilson,#0868B0,Vizela,Rio Ave,Vizela,1,
2442652011,AttemptSaved,7841,844440,Paulo Vitor,79.89465675826887,52.1281528653,47,,True,True,89.8,45.1918471296,33.31375,1.2199999940000001,0.025598585605621338,,RightFoot,RegularPlay,SecondHalf,False,"{'x': 1.1815476190476193, 'y': 0.32275132116402117, 'zoomRatio': 1}",Paulo,Vitor,#015F24,Rio Ave,Rio Ave,Vizela,1,
2442653155,Miss,7841,776584,Pedro Amaral,77.19175101133112,46.38293207087426,47,,False,False,,,31.1025,6.513793116,0.0074186623096466064,,LeftFoot,FromCorner,SecondHalf,False,"{'x': 1.301257348426975, 'y': 0.6772486772486772, 'zoomRatio': 0.3930121749970543}",Pedro,Amaral,#015F24,Rio Ave,Rio Ave,Vizela,1,
2442662179,Post,4531,667952,Samu,93.69999694824219,36.21125116348267,53,,False,False,,,31.78875,2.497,0.23095694184303284,,RightFoot,RegularPlay,SecondHalf,False,"{'x': 1.5849867724867723, 'y': 0.6605820105820105, 'zoomRatio': 1}",,Samu,#0868B0,Vizela,Rio Ave,Vizela,1,
2442666613,Miss,7841,767713,Guga,78.99369104006556,52.1281528653,55,,False,False,,,21.897324844499998,0.7127368386,0.026503711938858032,,RightFoot,RegularPlay,SecondHalf,False,"{'x': 2, 'y': 0.0588908509434875, 'zoomRatio': 0.3123276425610909}",,Guga,#015F24,Rio Ave,Rio Ave,Vizela,1,
2442668221,Miss,4531,442593,Kiki Afonso,76.51601598226887,37.708000091552734,56,,False,False,,,42.9865625,2.0483157794,0.02628752589225769,,LeftFoot,RegularPlay,SecondHalf,False,"{'x': 0, 'y': 0.2279309557352993, 'zoomRatio': 0.4206280210035819}",Kiki,Afonso,#0868B0,Vizela,Rio Ave,Vizela,1,
2442683603,AttemptSaved,4531,936528,Alex Mendez,90.80000305175781,37.05,66,,False,True,103.6724137932,34.1525,35.448750000000004,0.0385263156,0.11914816498756409,0.1119,LeftFoot,RegularPlay,SecondHalf,False,"{'x': 0.6167328042328032, 'y': 0.010192146984126984, 'zoomRatio': 1}",Alex,Mendez,#0868B0,Vizela,Rio Ave,Vizela,1,
2442683629,Goal,4531,1188608,Nuno Moreira,99.2105277880393,37.719999908447264,66,,False,True,,,35.6775,0.2439999988,0.36528629064559937,0.7865,RightFoot,RegularPlay,SecondHalf,False,"{'x': 0.5562169312169307, 'y': 0.06455026423280423, 'zoomRatio': 1}",Nuno,Moreira,#0868B0,Vizela,Rio Ave,Vizela,1,
2442688245,Miss,7841,1288115,Fabio Ronaldo,83.94903256333113,42.1771875,71,,False,False,,,23.088407647599997,6.270482770400001,0.031172454357147217,,RightFoot,RegularPlay,SecondHalf,False,"{'x': 2, 'y': 0.574662484437554, 'zoomRatio': 0.34642056612100147}",Fabio,Ronaldo,#015F24,Rio Ave,Rio Ave,Vizela,1,
2442691035,Miss,4531,1188588,Alejandro Alvarado,100.63793248175413,28.959286354232447,75,,False,False,97.3771929818,67.08170616059999,68.0,0.2696842092,0.1568634808063507,,Header,RegularPlay,SecondHalf,False,"{'x': 0, 'y': 0.007931888505882353, 'zoomRatio': 0.11117647058823531}",Alejandro,Alvarado,#0868B0,Vizela,Rio Ave,Vizela,1,
2442694307,AttemptSaved,4531,500934,Raphael Guzzo,97.0877163528214,43.160000529443565,79,,True,True,98.6315789471,42.119375,36.821250000000006,1.2199999940000001,0.039512693881988525,,RightFoot,SetPiece,SecondHalf,False,"{'x': 0.2536375661375645, 'y': 0.32275132116402117, 'zoomRatio': 1}",Raphael,Guzzo,#0868B0,Vizela,Rio Ave,Vizela,1,
2442693997,AttemptSaved,4531,835457,Francis Cann,96.4122807008,49.255542468087135,80,,False,True,103.577586207,37.27875,32.39875,0.0834736838,0.0399019718170166,0.1743,LeftFoot,FromCorner,SecondHalf,False,"{'x': 1.4236111111111112, 'y': 0.02208298513227513, 'zoomRatio': 1}",Francis,Cann,#0868B0,Vizela,Rio Ave,Vizela,1,
2442698375,AttemptSaved,4531,1188588,Alejandro Alvarado,98.5350847743214,30.30400018310547,86,,False,True,101.206896552,31.78875,35.9825,0.6934736808,0.22318735718727112,0.8775,LeftFoot,RegularPlay,SecondHalf,False,"{'x': 0.47552910052910013, 'y': 0.18345864571428572, 'zoomRatio': 1}",Alejandro,Alvarado,#0868B0,Vizela,Rio Ave,Vizela,1,
2442704787,Miss,4531,1108884,Diego Rosa,69.75873443026887,20.7763057357,90,5.0,False,False,,,22.808152870399997,6.7571034616,0.00943148136138916,,RightFoot,RegularPlay,SecondHalf,False,"{'x': 2, 'y': 0.6037523014167097, 'zoomRatio': 0.3377458569821527}",Diego,Rosa,#0868B0,Vizela,Rio Ave,Vizela,1,
2442737553,Miss,1634,1093297,Álex Millán,85.60147386375178,42.1771875,7,,False,False,102.06034482780001,30.22,27.110238095,0.44305262940000006,0.03846883773803711,,RightFoot,RegularPlay,FirstHalf,False,"{'x': 2, 'y': 0.06430594199176468, 'zoomRatio': 0.5486401492708768}",Álex,Millán,#0050A8,Famalicao,Estoril,Famalicao,1,
2442738827,Miss,7842,935041,Joao Carlos,90.69999694824219,41.48343705892563,8,,False,False,,,30.22,5.5492413888000005,0.06902894377708435,,RightFoot,RegularPlay,FirstHalf,False,"{'x': 1.4613243181611875, 'y': 0.6772486772486772, 'zoomRatio': 0.46132431816118724}",Joao,Carlos,#0858A0,Estoril,Estoril,Famalicao,1,
2442744125,Miss,1634,159598,Rui Fonte,96.79824708553929,28.286906043464892,13,,False,False,,,24.699872616500002,6.8787586344000005,0.09381082653999329,,Header,SetPiece,FirstHalf,False,"{'x': 1.9156447120009994, 'y': 0.6772486772486772, 'zoomRatio': 0.372160172505209}",Rui,Fonte,#0050A8,Famalicao,Estoril,Famalicao,1,
2442745383,AttemptSaved,7842,1285144,Goncalo Esteves,86.13823856975176,25.53375,14,,False,True,102.9137931036,32.474999999999994,33.8475,1.8685263066000002,0.04946663975715637,0.0404,RightFoot,RegularPlay,FirstHalf,False,"{'x': 1.0403439153439162, 'y': 0.49431912873015876, 'zoomRatio': 1}",Goncalo,Esteves,#0858A0,Estoril,Estoril,Famalicao,1,
2442751129,Goal,7842,522640,Chico Geraldes,97.8596491223,35.37249941825867,20,,False,True,,,37.431250000000006,0.6099999970000001,0.5543957352638245,0.927,RightFoot,RegularPlay,FirstHalf,False,"{'x': 0.09226190476190332, 'y': 0.16137566058201058, 'zoomRatio': 1}",Chico,Geraldes,#0858A0,Estoril,Estoril,Famalicao,1,
2442759341,AttemptSaved,1634,1334534,Junior Kadile,78.43058424406556,45.54216453201287,29,,False,True,102.629310345,35.0675,32.551249999999996,0.5714736814000001,0.033166855573654175,0.0672,RightFoot,RegularPlay,FirstHalf,False,"{'x': 1.3832671957671967, 'y': 0.15118351359788362, 'zoomRatio': 1}",Junior,Kadile,#0050A8,Famalicao,Estoril,Famalicao,1,
2442767133,AttemptSaved,1634,1334534,Junior Kadile,83.16067789353444,51.4275159223,37,,True,True,87.85588235280001,48.06445859590001,34.533750000000005,1.2199999940000001,0.01804444193840027,,RightFoot,RegularPlay,FirstHalf,False,"{'x': 0.8587962962962951, 'y': 0.32275132116402117, 'zoomRatio': 1}",Junior,Kadile,#0050A8,Famalicao,Estoril,Famalicao,1,
2442772587,Miss,7842,1072317,Tiago Gouveia,85.17206046087588,22.73808864155643,42,,False,False,,,42.9865625,1.6951578864,0.04053318500518799,,LeftFoot,RegularPlay,FirstHalf,False,"{'x': 0, 'y': 0.18863251509128218, 'zoomRatio': 0.4206280210035819}",Tiago,Gouveia,#0858A0,Estoril,Estoril,Famalicao,1,
2442774189,Miss,7842,689051,Arthur,84.39951112626888,18.043821925271782,44,,False,False,,,35.60125,3.6201379344000006,0.03931078314781189,,RightFoot,FreeKick,FirstHalf,False,"{'x': 0.7004411256986594, 'y': 0.6772486772486772, 'zoomRatio': 0.7071553753998859}",,Arthur,#0858A0,Estoril,Estoril,Famalicao,1,
2442774891,Goal,7842,689051,Arthur,98.92105115906071,32.780001163482666,45,0.0,False,True,,,33.31375,0.20547368320000003,0.9179383516311646,0.9197,RightFoot,RegularPlay,FirstHalf,False,"{'x': 1.1815476190476193, 'y': 0.05435811724867726, 'zoomRatio': 1}",,Arthur,#0858A0,Estoril,Estoril,Famalicao,1,
2442791491,AttemptSaved,1634,97509,Andre Simoes,80.00728499133112,29.463570785767555,49,,False,True,103.4827586208,33.61875,31.48375,1.7850526228,0.025115936994552612,0.305,RightFoot,RegularPlay,SecondHalf,False,"{'x': 1.665674603174603, 'y': 0.4722361435978836, 'zoomRatio': 1}",Andre,Simoes,#0050A8,Famalicao,Estoril,Famalicao,1,
2442794113,AttemptSaved,1634,1093297,Álex Millán,94.0,34.0,52,,False,True,104.71551724140001,34.1525,32.39875,0.160526315,0.7884,0.9746,RightFoot,Penalty,SecondHalf,False,"{'x': 1.4236111111111112, 'y': 0.042467279100529096, 'zoomRatio': 1}",Álex,Millán,#0050A8,Famalicao,Estoril,Famalicao,1,
2442794141,Miss,1634,1334534,Junior Kadile,101.39654883049172,26.227500441074373,52,,False,False,,,27.53047619,2.7685517248,0.16274777054786682,,RightFoot,SetPiece,SecondHalf,False,"{'x': 2, 'y': 0.4279374813522791, 'zoomRatio': 0.5842779331234892}",Junior,Kadile,#0050A8,Famalicao,Estoril,Famalicao,1,
2442798203,Miss,1634,1186780,Alexandre Penetra,74.93932382733112,36.74499883651734,57,,False,False,,,35.220000000000006,6.270482770400001,0.007379978895187378,,LeftFoot,RegularPlay,SecondHalf,False,"{'x': 0.8682328910712112, 'y': 0.6772486772486772, 'zoomRatio': 0.4082620260252617}",Alexandre,Penetra,#0050A8,Famalicao,Estoril,Famalicao,1,
2442798839,AttemptSaved,1634,776583,Heri,89.69999694824219,42.697500882148745,58,,False,True,103.6724137932,34.533750000000005,34.07625,0.2439999988,0.05355978012084961,0.0236,RightFoot,RegularPlay,SecondHalf,False,"{'x': 0.9798280423280419, 'y': 0.06455026423280423, 'zoomRatio': 1}",,Heri,#0050A8,Famalicao,Estoril,Famalicao,1,
2442804065,AttemptSaved,7842,522640,Chico Geraldes,80.68301142806556,31.255001163482664,64,,False,True,101.4913793106,33.61875,34.4575,0.9374736796,0.05650275945663452,0.022,LeftFoot,RegularPlay,SecondHalf,False,"{'x': 0.8789682539682532, 'y': 0.24800890994708993, 'zoomRatio': 1}",Chico,Geraldes,#0858A0,Estoril,Estoril,Famalicao,1,
2442810195,AttemptSaved,7842,1072317,Tiago Gouveia,84.06165220406557,50.586753728874264,72,,False,True,103.2931034484,36.36375,34.1525,1.1365263102,0.039452433586120605,0.0174,RightFoot,RegularPlay,SecondHalf,False,"{'x': 0.9596560846560838, 'y': 0.30066833603174603, 'zoomRatio': 1}",Tiago,Gouveia,#0858A0,Estoril,Estoril,Famalicao,1,
2442819557,Miss,1634,1042074,Pedro Brazao,87.74853268775178,20.145732754271783,83,,False,False,,,39.629047619999994,5.670896561599999,0.03496924042701721,,LeftFoot,RegularPlay,SecondHalf,False,"{'x': 0.3277491462938604, 'y': 0.6772486772486772, 'zoomRatio': 0.45142773672417613}",Pedro,Brazao,#0050A8,Famalicao,Estoril,Famalicao,1,
2442822035,AttemptSaved,1634,523414,Jhonder Cadiz,93.5,43.86063479972574,86,,False,True,103.2931034484,35.6775,33.2375,0.9759999952,0.05382761359214783,0.0382,RightFoot,RegularPlay,SecondHalf,False,"{'x': 1.2017195767195774, 'y': 0.2582010569312169, 'zoomRatio': 1}",Jhonder,Cadiz,#0050A8,Famalicao,Estoril,Famalicao,1,
2442825171,AttemptSaved,1634,1334534,Junior Kadile,95.5438581755607,30.05190476,90,0.0,True,True,97.6666666661,30.328,33.31375,1.2199999940000001,0.05352184176445007,,Header,RegularPlay,SecondHalf,False,"{'x': 1.1815476190476193, 'y': 0.32275132116402117, 'zoomRatio': 1}",Junior,Kadile,#0050A8,Famalicao,Estoril,Famalicao,1,
2442826489,Miss,7842,955822,Rodrigo Martins,94.0964897540607,15.171210191699998,90,2.0,False,False,,,38.620476192,1.60526315,0.039487987756729126,,LeftFoot,RegularPlay,SecondHalf,False,"{'x': 0, 'y': 0.34742374666476816, 'zoomRatio': 0.8180974953501073}",Rodrigo,Martins,#0858A0,Estoril,Estoril,Famalicao,1,
2442827713,AttemptSaved,7842,817148,James Léa Siliki,77.07912277826887,34.686251163482666,90,5.0,True,True,85.81617647,34.68625,34.68625,1.2199999940000001,0.027630984783172607,,LeftFoot,RegularPlay,SecondHalf,False,"{'x': 0.8184523809523807, 'y': 0.32275132116402117, 'zoomRatio': 1}",James Léa,Siliki,#0858A0,Estoril,Estoril,Famalicao,1,
2442828701,Miss,1634,1093297,Álex Millán,101.01724427350827,35.44875116348267,90,7.0,False,False,,,23.5788535077,1.4254736772,0.20873665809631348,,Header,FromCorner,SecondHalf,False,"{'x': 2, 'y': 0.13678664610014432, 'zoomRatio': 0.3627240057313249}",Álex,Millán,#0050A8,Famalicao,Estoril,Famalicao,1,
2442829735,Miss,1634,1042074,Pedro Brazao,83.6111650488,25.53375,90,10.0,False,False,86.4602941172,30.22,41.772499999999994,0.44305262940000006,0.0256880521774292,,RightFoot,FromCorner,SecondHalf,False,"{'x': 0, 'y': 0.05700258982309429, 'zoomRatio': 0.48633000964940537}",Pedro,Brazao,#0050A8,Famalicao,Estoril,Famalicao,1,
2442833039,Miss,1634,1042074,Pedro Brazao,86.889705882,30.873751163482662,90,10.0,False,False,87.963235294,34.0,46.6631847099,0.44305262940000006,0.06242406368255615,,LeftFoot,FromCorner,SecondHalf,False,"{'x': 1.1102230246251565e-16, 'y': 0.034987456911500646, 'zoomRatio': 0.29850310854621104}",Pedro,Brazao,#0050A8,Famalicao,Estoril,Famalicao,1,
2442855619,Post,10212,737814,Xadas,71.89854197353444,24.209427825487133,3,,False,False,,,31.941249999999997,2.515,0.025553196668624878,,LeftFoot,RegularPlay,FirstHalf,False,"{'x': 1.544642857142858, 'y': 0.6653439153439153, 'zoomRatio': 1}",,Xadas,#003010,Maritimo,FC Porto,Maritimo,1,
2442860913,AttemptSaved,10212,579808,Joel Tagueu,94.0964897540607,34.22874941825867,9,,False,True,96.0263157884,34.305,34.1525,0.9759999952,0.11779889464378357,0.1252,LeftFoot,RegularPlay,FirstHalf,False,"{'x': 0.9596560846560838, 'y': 0.2582010569312169, 'zoomRatio': 1}",Joel,Tagueu,#003010,Maritimo,FC Porto,Maritimo,1,
2442862389,AttemptSaved,9773,817724,Danny Loader,85.38676306712412,25.99624955892563,11,,True,True,88.1779411764,26.942142857,34.07625,1.2199999940000001,0.020634472370147705,,LeftFoot,RegularPlay,FirstHalf,False,"{'x': 0.9798280423280419, 'y': 0.32275132116402117, 'zoomRatio': 1}",Danny,Loader,#005898,FC Porto,FC Porto,Maritimo,1,
2442863619,Goal,9773,619506,Mehdi Taremi,94.19297950982141,28.118810164232446,12,,False,True,,,31.865,0.20547368320000003,0.30093157291412354,0.6804,RightFoot,RegularPlay,FirstHalf,False,"{'x': 1.5648148148148162, 'y': 0.05435811724867726, 'zoomRatio': 1}",Mehdi,Taremi,#005898,FC Porto,FC Porto,Maritimo,1,
2442864887,Miss,10212,421148,Stefano Beltrame,90.19999694824219,24.209427825487133,14,,False,False,,,40.721666666999994,1.6951578864,0.03155797719955444,,LeftFoot,RegularPlay,FirstHalf,False,"{'x': 1.1102230246251565e-16, 'y': 0.2521930899552597, 'zoomRatio': 0.5623605256353905}",Stefano,Beltrame,#003010,Maritimo,FC Porto,Maritimo,1,
2442867721,Miss,9773,619506,Mehdi Taremi,98.92105115906071,43.3701910778,18,,False,False,,,40.30142857199999,5.1842758704000005,0.080363929271698,,LeftFoot,ThrowInSetPiece,FirstHalf,False,"{'x': 0.17681190741982256, 'y': 0.6772486772486772, 'zoomRatio': 0.4938008825140857}",Mehdi,Taremi,#005898,FC Porto,FC Porto,Maritimo,1,
2442868471,Miss,9773,817724,Danny Loader,95.83333480453929,47.2236942643,20,,False,False,,,37.744,4.7063448344,0.1609501838684082,,LeftFoot,RegularPlay,FirstHalf,False,"{'x': 0.4612339008638947, 'y': 0.6772486772486772, 'zoomRatio': 0.5439465423970294}",Danny,Loader,#005898,FC Porto,FC Porto,Maritimo,1,
2442871059,AttemptSaved,9773,619506,Mehdi Taremi,90.4000015258789,33.00875058174133,24,,True,True,95.2543859636,33.61875,34.7625,1.2199999940000001,0.1300911009311676,,RightFoot,ThrowInSetPiece,FirstHalf,False,"{'x': 0.7982804232804226, 'y': 0.32275132116402117, 'zoomRatio': 1}",Mehdi,Taremi,#005898,FC Porto,FC Porto,Maritimo,1,
2442875637,Miss,9773,850356,Pepe,80.57039178733112,41.830313382148745,31,,False,False,,,30.05190476,4.0980689704,0.031200915575027466,,RightFoot,RegularPlay,FirstHalf,False,"{'x': 1.652463952718886, 'y': 0.6772486772486772, 'zoomRatio': 0.6246844595566009}",,Pepe,#005898,FC Porto,FC Porto,Maritimo,1,
2442876541,AttemptSaved,10212,579808,Joel Tagueu,97.2807032260393,33.92375116348266,33,,False,True,104.051724138,32.474999999999994,33.31375,0.40452631380000004,0.20924314856529236,0.2185,Header,RegularPlay,FirstHalf,False,"{'x': 1.1815476190476193, 'y': 0.10701754333333334, 'zoomRatio': 1}",Joel,Tagueu,#003010,Maritimo,FC Porto,Maritimo,1,
2442876561,Miss,10212,579808,Joel Tagueu,101.11207041275414,31.255001163482664,33,,False,False,,,27.53047619,3.7417931072000004,0.6458032727241516,,RightFoot,RegularPlay,FirstHalf,False,"{'x': 2, 'y': 0.5783722600133689, 'zoomRatio': 0.5842779331234892}",Joel,Tagueu,#003010,Maritimo,FC Porto,Maritimo,1,
2442882315,Goal,9773,1098096,Evanilson,96.1228040718214,30.64499883651733,40,,False,True,,,35.90625,0.4879999976,0.26661986112594604,0.7026,RightFoot,RegularPlay,FirstHalf,False,"{'x': 0.49570105820105825, 'y': 0.12910052846560846, 'zoomRatio': 1}",,Evanilson,#005898,FC Porto,FC Porto,Maritimo,1,
2442884001,AttemptSaved,9773,817724,Danny Loader,98.5350847743214,45.402039281587136,42,,False,True,102.629310345,39.124761905999996,32.551249999999996,0.160526315,0.26216867566108704,0.4594,RightFoot,RegularPlay,FirstHalf,False,"{'x': 1.3832671957671967, 'y': 0.042467279100529096, 'zoomRatio': 1}",Danny,Loader,#005898,FC Porto,FC Porto,Maritimo,1,
2442884031,Goal,9773,619506,Mehdi Taremi,99.01754091482141,37.659999418258664,42,,False,True,,,31.559999999999995,0.28252631440000003,0.41682785749435425,0.9364,LeftFoot,RegularPlay,FirstHalf,False,"{'x': 1.6455026455026467, 'y': 0.07474241121693122, 'zoomRatio': 1}",Mehdi,Taremi,#005898,FC Porto,FC Porto,Maritimo,1,
2442901277,Miss,9773,1098096,Evanilson,93.5,30.256,47,,False,False,,,39.208809525,0.6228421022,0.4048107862472534,,LeftFoot,RegularPlay,SecondHalf,False,"{'x': 0, 'y': 0.11957475104640154, 'zoomRatio': 0.725693650700349}",,Evanilson,#005898,FC Porto,FC Porto,Maritimo,1,
2442905679,AttemptSaved,9773,619506,Mehdi Taremi,96.1228040718214,43.93070277037427,53,,False,True,102.9137931036,36.8975,31.865,0.20547368320000003,0.06536939740180969,0.2825,RightFoot,SetPiece,SecondHalf,False,"{'x': 1.5648148148148162, 'y': 0.05435811724867726, 'zoomRatio': 1}",Mehdi,Taremi,#005898,FC Porto,FC Porto,Maritimo,1,
2442905705,Miss,9773,1098096,Evanilson,97.9561388780607,37.20250058174133,53,,False,False,102.25000000019999,38.200238096999996,38.200238096999996,1.2199999940000001,0.19622334837913513,,LeftFoot,SetPiece,SecondHalf,False,"{'x': 0, 'y': 0.2904597229550821, 'zoomRatio': 0.8999489821064788}",,Evanilson,#005898,FC Porto,FC Porto,Maritimo,1,
2442906561,Miss,10212,819916,André Vidigal,78.09271672953443,50.79694160451287,55,,False,False,,,21.897324844499998,5.0626206976,0.02633574604988098,,RightFoot,RegularPlay,SecondHalf,False,"{'x': 2, 'y': 0.41830592266200883, 'zoomRatio': 0.3123276425610909}",André,Vidigal,#003010,Maritimo,FC Porto,Maritimo,1,
2442908179,Miss,9773,817724,Danny Loader,83.27329753426886,34.07624883651734,57,,False,False,,,27.782619046999997,4.341379316,0.09568765759468079,,RightFoot,FastBreak,SecondHalf,False,"{'x': 1.9699021255415157, 'y': 0.6772486772486772, 'zoomRatio': 0.5896743439499079}",Danny,Loader,#005898,FC Porto,FC Porto,Maritimo,1,
2442912143,Miss,10212,948704,Miguel Sousa,91.5,29.463570785767555,66,,False,False,,,29.631666665,0.44305262940000006,0.08298426866531372,,LeftFoot,RegularPlay,SecondHalf,False,"{'x': 2, 'y': 0.1014237228304373, 'zoomRatio': 0.8653185803642427}",Miguel,Sousa,#003010,Maritimo,FC Porto,Maritimo,1,
2442912789,AttemptSaved,9773,776972,Wenderson Galeno,82.4849514568,44.98165818487426,68,,True,True,88.7,42.7553125,35.9825,1.2199999940000001,0.022101789712905884,,RightFoot,IndividualPlay,SecondHalf,False,"{'x': 0.47552910052910013, 'y': 0.32275132116402117, 'zoomRatio': 1}",Wenderson,Galeno,#005898,FC Porto,FC Porto,Maritimo,1,
2442912799,Goal,9773,80497,Ivan Marcano,96.3157909450393,34.53375058174134,68,,False,True,,,31.026249999999997,0.6934736808,0.21910089254379272,0.6872,Header,ThrowInSetPiece,SecondHalf,False,"{'x': 1.7867063492063497, 'y': 0.18345864571428572, 'zoomRatio': 1}",Ivan,Marcano,#005898,FC Porto,FC Porto,Maritimo,1,
2442914949,AttemptSaved,9773,776972,Wenderson Galeno,93.80000305175781,45.68229512787427,74,,True,True,96.1228070165,43.3701910778,34.7625,1.2199999940000001,0.14431056380271912,,RightFoot,RegularPlay,SecondHalf,False,"{'x': 0.7982804232804226, 'y': 0.32275132116402117, 'zoomRatio': 1}",Wenderson,Galeno,#005898,FC Porto,FC Porto,Maritimo,1,
2442914985,Miss,9773,1079056,Zaidu Sanusi,87.10440848824823,49.6759235648,74,,False,False,91.8,33.31375,1.6398104275,0.7127368386,0.022921830415725708,,LeftFoot,RegularPlay,SecondHalf,False,"{'x': 2, 'y': 0.022025113202850038, 'zoomRatio': 0.11681019332508114}",Zaidu,Sanusi,#005898,FC Porto,FC Porto,Maritimo,1,
2442915621,Miss,9773,463284,Marko Grujic,98.92105115906071,38.53642921423244,75,,False,False,,,32.6275,5.1842758704000005,0.1073853075504303,,LeftFoot,IndividualPlay,SecondHalf,False,"{'x': 1.179296749008091, 'y': 0.6772486772486772, 'zoomRatio': 0.4938008825140857}",Marko,Grujic,#005898,FC Porto,FC Porto,Maritimo,1,
2442916137,Goal,9773,640123,Antonio Martinez,97.2807032260393,33.313748836517334,76,,False,True,,,36.745000000000005,0.7319999964,0.21939808130264282,0.6724,Header,RegularPlay,SecondHalf,False,"{'x': 0.2738095238095226, 'y': 0.19365079269841268, 'zoomRatio': 1}",Antonio,Martinez,#005898,FC Porto,FC Porto,Maritimo,1,
2442919175,Miss,9773,1080520,Goncalo Borges,96.9912265970607,20.7763057357,83,,False,False,,,28.539047618000005,1.5153684136,0.05760648846626282,,RightFoot,RegularPlay,SecondHalf,False,"{'x': 2, 'y': 0.277491599925839, 'zoomRatio': 0.6921869548724447}",Goncalo,Borges,#005898,FC Porto,FC Porto,Maritimo,1,
2442920081,Miss,10212,1075457,Jesus Ramirez,93.0999984741211,33.46624941825866,84,,False,False,,,44.0708280208,2.4078947250000002,0.04974257946014404,,Header,SetPiece,SecondHalf,False,"{'x': 0, 'y': 0.239096002833809, 'zoomRatio': 0.37534153022898376}",Jesus,Ramirez,#003010,Maritimo,FC Porto,Maritimo,1,
2442921463,Goal,10212,267368,Claudio Winck,101.49138220450827,35.06750116348267,88,,False,True,,,32.70374999999999,1.0979999946,0.5259453654289246,0.9204,RightFoot,SetPiece,SecondHalf,False,"{'x': 1.3429232804232825, 'y': 0.29047618904761907, 'zoomRatio': 1}",Claudio,Winck,#003010,Maritimo,FC Porto,Maritimo,1,
2442923235,AttemptSaved,9773,816223,Stephen Eustaquio,79.33154996226887,37.05,90,2.0,True,True,88.28529411759999,36.21125,34.38125,1.2199999940000001,0.05699700117111206,,RightFoot,FreeKick,SecondHalf,False,"{'x': 0.8991402116402113, 'y': 0.32275132116402117, 'zoomRatio': 1}",Stephen,Eustaquio,#005898,FC Porto,FC Porto,Maritimo,1,
2442923509,Miss,9773,1106898,Gabriel Veron,78.99369104006556,36.97375116348267,90,2.0,False,False,,,32.6275,4.5846896616,0.0595666766166687,,RightFoot,RegularPlay,SecondHalf,False,"{'x': 1.2027451971960559, 'y': 0.6772486772486772, 'zoomRatio': 0.5583802152284811}",Gabriel,Veron,#005898,FC Porto,FC Porto,Maritimo,1,
2443374317,Miss,1567,265799,Anderson Carvalho,80.11990463206556,25.30249911785126,4,,False,False,,,30.22,5.1842758704000005,0.012178868055343628,,RightFoot,FromCorner,FirstHalf,False,"{'x': 1.4938008825140858, 'y': 0.6772486772486772, 'zoomRatio': 0.4938008825140857}",Anderson,Carvalho,#E10126,Santa Clara,Santa Clara,Casa Pia,1,
2443378251,AttemptSaved,212821,-1,Leonardo Lelo,94.0,34.0,10,,False,True,103.9568965518,33.695,30.95,0.0834736838,0.7884,0.9951,LeftFoot,Penalty,FirstHalf,False,"{'x': 1.806878306878306, 'y': 0.02208298513227513, 'zoomRatio': 1}",Leonardo,Lelo,#333333,Casa Pia,Santa Clara,Casa Pia,1,
2443379505,Miss,1567,215823,Pierre Sagna,73.36262308006556,19.304967888128218,11,,False,False,,,43.720509549300004,0.44305262940000006,0.01163211464881897,,RightFoot,RegularPlay,FirstHalf,False,"{'x': -2.220446049250313e-16, 'y': 0.04557915684902602, 'zoomRatio': 0.38886850332575484}",Pierre,Sagna,#E10126,Santa Clara,Santa Clara,Casa Pia,1,
2443385969,AttemptSaved,1567,802134,Kyosuke Tagawa,76.40339634153443,26.69,19,,False,True,103.577586207,34.68625,31.026249999999997,0.160526315,0.016410350799560547,0.2851,LeftFoot,RegularPlay,FirstHalf,False,"{'x': 1.7867063492063497, 'y': 0.042467279100529096, 'zoomRatio': 1}",Kyosuke,Tagawa,#E10126,Santa Clara,Santa Clara,Casa Pia,1,
2443389865,AttemptSaved,1567,522771,Paulo Henrique,73.4752427208,21.406878717128215,27,,True,True,85.9235294112,26.111875,35.0675,1.2199999940000001,0.02374953031539917,,LeftFoot,FreeKick,FirstHalf,False,"{'x': 0.7175925925925919, 'y': 0.32275132116402117, 'zoomRatio': 1}",Paulo,Henrique,#E10126,Santa Clara,Santa Clara,Casa Pia,1,
2443390301,Miss,212821,1077665,Lucas Soares,78.31796460333112,35.677500581741334,28,,False,False,,,37.756,6.270482770400001,0.013219833374023438,,LeftFoot,FromCorner,FirstHalf,False,"{'x': 0.5943301138225178, 'y': 0.6772486772486772, 'zoomRatio': 0.4082620260252617}",Lucas,Soares,#333333,Casa Pia,Santa Clara,Casa Pia,1,
2443392297,Post,212821,211118,Rafael Martins,94.0,40.049285714999996,33,,False,False,,,30.267999999999997,0.3659999982,0.027437448501586914,,Header,SetPiece,FirstHalf,False,"{'x': 1.987301587301587, 'y': 0.09682539634920634, 'zoomRatio': 1}",Rafael,Martins,#333333,Casa Pia,Santa Clara,Casa Pia,1,
2443392311,AttemptSaved,212821,102626,Vasco Fernandes,100.25862069,24.489680999056432,33,,False,True,104.051724138,30.72125,31.331249999999997,0.28252631440000003,0.15826275944709778,0.1658,RightFoot,SetPiece,FirstHalf,False,"{'x': 1.7060185185185193, 'y': 0.07474241121693122, 'zoomRatio': 1}",Vasco,Fernandes,#333333,Casa Pia,Santa Clara,Casa Pia,1,
2443392403,Miss,212821,304615,Angelo Neto,84.06165220406557,32.55124883651733,33,,False,False,,,48.695031844599995,1.3355789408,0.0421806275844574,,RightFoot,SetPiece,FirstHalf,False,"{'x': -2.220446049250313e-16, 'y': 0.09088642712201997, 'zoomRatio': 0.2572297930330136}",Angelo,Neto,#333333,Casa Pia,Santa Clara,Casa Pia,1,
2443396449,AttemptSaved,1567,646517,Allano,99.59483048050826,26.16968661785126,41,,True,True,103.2931034484,32.9325,36.135000000000005,1.2199999940000001,0.1269073188304901,,LeftFoot,RegularPlay,FirstHalf,False,"{'x': 0.4351851851851839, 'y': 0.32275132116402117, 'zoomRatio': 1}",,Allano,#E10126,Santa Clara,Santa Clara,Casa Pia,1,
2443397711,AttemptSaved,1567,1195451,Ricardinho,93.30000305175781,49.816048815225734,43,,False,True,104.3362068966,35.0675,36.97375,0.3659999982,0.03643086552619934,0.1727,RightFoot,RegularPlay,FirstHalf,False,"{'x': 0.21329365079365015, 'y': 0.09682539634920634, 'zoomRatio': 1}",,Ricardinho,#E10126,Santa Clara,Santa Clara,Casa Pia,1,
2443397839,AttemptSaved,1567,265799,Anderson Carvalho,81.24611822406555,33.46624941825866,43,,True,True,93.2,32.3225,31.1025,1.2199999940000001,0.02870941162109375,,RightFoot,RegularPlay,FirstHalf,False,"{'x': 1.7665343915343916, 'y': 0.32275132116402117, 'zoomRatio': 1}",Anderson,Carvalho,#E10126,Santa Clara,Santa Clara,Casa Pia,1,
2443398891,Miss,212821,1077665,Lucas Soares,82.03446430153443,22.668026016343568,45,0.0,False,False,,,32.24625,6.270482770400001,0.027138590812683105,,RightFoot,RegularPlay,FirstHalf,False,"{'x': 1.1894152190851326, 'y': 0.6772486772486772, 'zoomRatio': 0.4082620260252617}",Lucas,Soares,#333333,Casa Pia,Santa Clara,Casa Pia,1,
2443399683,Miss,212821,-1,Saviour Godwin,93.5,52.968915058725734,45,1.0,False,False,,,33.695,5.5492413888000005,0.023432403802871704,,LeftFoot,RegularPlay,FirstHalf,False,"{'x': 1.0372232584759689, 'y': 0.6772486772486772, 'zoomRatio': 0.46132431816118724}",Saviour,Godwin,#333333,Casa Pia,Santa Clara,Casa Pia,1,
2443425577,AttemptSaved,212821,1290479,Clayton,81.13349858333113,32.62750058174133,70,,True,True,87.7485294116,32.779999999999994,33.161249999999995,1.2199999940000001,0.04271426796913147,,RightFoot,RegularPlay,SecondHalf,False,"{'x': 1.2218915343915355, 'y': 0.32275132116402117, 'zoomRatio': 1}",,Clayton,#333333,Casa Pia,Santa Clara,Casa Pia,1,
2443426023,Miss,212821,-1,Nermin Zolotic,93.5,37.35500116348267,70,,False,False,,,48.695031844599995,0.8925263114,0.027696460485458374,,Header,FromCorner,SecondHalf,False,"{'x': -2.220446049250313e-16, 'y': 0.06073660274019604, 'zoomRatio': 0.2572297930330136}",Nermin,Zolotic,#333333,Casa Pia,Santa Clara,Casa Pia,1,
2443447647,AttemptSaved,212821,1080682,Diogo Pinto,88.28529739375176,43.650446924087134,90,2.0,False,True,102.9137931036,35.3725,34.915000000000006,0.0385263156,0.038859665393829346,0.0558,RightFoot,RegularPlay,SecondHalf,False,"{'x': 0.7579365079365064, 'y': 0.010192146984126984, 'zoomRatio': 1}",Diogo,Pinto,#333333,Casa Pia,Santa Clara,Casa Pia,1,
2443449567,Miss,212821,1290479,Clayton,98.3421052628,42.119375882148745,90,4.0,False,False,,,43.3701910778,0.7127368386,0.07486769556999207,,Header,RegularPlay,SecondHalf,False,"{'x': 0, 'y': 0.07606428008588074, 'zoomRatio': 0.4034069282701858}",,Clayton,#333333,Casa Pia,Santa Clara,Casa Pia,1,
2443477683,Miss,9768,941573,Pedro Porro,76.51601598226887,47.85426858208713,2,,False,False,,,40.46952381,3.9764137976,0.039060115814208984,,RightFoot,FreeKick,FirstHalf,False,"{'x': 1.1102230246251565e-16, 'y': 0.6146377870120243, 'zoomRatio': 0.5842779331234892}",Pedro,Porro,#106840,Sporting CP,Braga,Sporting CP,1,
2443483821,Goal,9768,875133,Pedro Goncalves,101.206896552,36.44000058174134,9,,False,True,,,36.21125,1.7850526228,0.6996378302574158,0.9759,RightFoot,RegularPlay,FirstHalf,False,"{'x': 0.41501322751322767, 'y': 0.4722361435978836, 'zoomRatio': 1}",Pedro,Goncalves,#106840,Sporting CP,Braga,Sporting CP,1,
2443488495,Goal,10264,696932,Simon Banza,91.0999984741211,30.30400018310547,14,,False,True,,,36.66875,0.2439999988,0.14921241998672485,0.3493,RightFoot,RegularPlay,FirstHalf,False,"{'x': 0.29398148148148073, 'y': 0.06455026423280423, 'zoomRatio': 1}",Simon,Banza,#920403,Braga,Braga,Sporting CP,1,
2443490803,AttemptSaved,10264,432591,Ricardo Horta,75.1645631088,41.77249955892563,17,,True,True,87.21176470559999,38.704523811,34.1525,1.2199999940000001,0.02682018280029297,,RightFoot,FreeKick,FirstHalf,False,"{'x': 0.9596560846560838, 'y': 0.32275132116402117, 'zoomRatio': 1}",Ricardo,Horta,#920403,Braga,Braga,Sporting CP,1,
2443492163,Goal,9768,554283,Nuno Santos,86.13823856975176,46.873375792800005,18,,False,True,,,31.941249999999997,1.7465263072000001,0.07142648100852966,0.2951,LeftFoot,RegularPlay,FirstHalf,False,"{'x': 1.544642857142858, 'y': 0.4620439966137566, 'zoomRatio': 1}",Nuno,Santos,#106840,Sporting CP,Braga,Sporting CP,1,
2443501081,Miss,9768,361377,Paulinho,88.28529739375176,26.57437455892563,29,,False,False,,,44.7014012695,7.000413807199999,0.07726070284843445,,RightFoot,RegularPlay,FirstHalf,False,"{'x': 0, 'y': 0.6541586125876651, 'zoomRatio': 0.3532247698040587}",,Paulinho,#106840,Sporting CP,Braga,Sporting CP,1,
2443503975,AttemptSaved,10264,1215057,Vitor Oliveira,91.0999984741211,37.126248836517334,33,,True,True,103.6724137932,34.38125,34.1525,1.2199999940000001,0.2509220838546753,,RightFoot,RegularPlay,FirstHalf,False,"{'x': 0.9596560846560838, 'y': 0.32275132116402117, 'zoomRatio': 1}",Vitor,Oliveira,#920403,Braga,Braga,Sporting CP,1,
2443506421,Miss,9768,732282,Trincao,87.64117319424822,32.856249999999996,37,,False,False,,,32.24625,3.1335172432,0.16503843665122986,,RightFoot,RegularPlay,FirstHalf,False,"{'x': 1.3790388804473088, 'y': 0.6772486772486772, 'zoomRatio': 0.8169733246419558}",,Trincao,#106840,Sporting CP,Braga,Sporting CP,1,
2443508241,Miss,9768,875133,Pedro Goncalves,91.19999694824219,42.292812941074374,39,,False,False,,,36.36375,3.4984827616,0.15152934193611145,,RightFoot,RegularPlay,FirstHalf,False,"{'x': 0.5424169075755485, 'y': 0.6772486772486772, 'zoomRatio': 0.7317457807993334}",Pedro,Goncalves,#106840,Sporting CP,Braga,Sporting CP,1,
2443508981,Miss,10264,432591,Ricardo Horta,91.69999694824219,29.631666665,40,,False,False,,,34.07625,4.8280000072,0.19736775755882263,,RightFoot,RegularPlay,FirstHalf,False,"{'x': 0.9893040158319798, 'y': 0.6772486772486772, 'zoomRatio': 0.5302402643293849}",Ricardo,Horta,#920403,Braga,Braga,Sporting CP,1,
2443512503,Goal,10264,821312,Sikou Niakaté,93.80000305175781,27.61452252653511,45,1.0,False,True,,,36.821250000000006,0.6934736808,0.014885663986206055,0.2887,Header,SetPiece,FirstHalf,False,"{'x': 0.2536375661375645, 'y': 0.18345864571428572, 'zoomRatio': 1}",Sikou,Niakaté,#920403,Braga,Braga,Sporting CP,1,
2443522557,AttemptSaved,9768,941573,Pedro Porro,92.0999984741211,20.916433658843566,49,,False,True,103.2931034484,32.09375,34.1525,0.8925263114,0.03955003619194031,0.016,LeftFoot,RegularPlay,SecondHalf,False,"{'x': 0.9596560846560838, 'y': 0.2361180717989418, 'zoomRatio': 1}",Pedro,Porro,#106840,Sporting CP,Braga,Sporting CP,1,
2443524359,Miss,10264,432591,Ricardo Horta,85.81617647,33.313748836517334,54,,False,False,,,32.6275,5.670896561599999,0.05426037311553955,,RightFoot,RegularPlay,SecondHalf,False,"{'x': 1.1639112615486595, 'y': 0.6772486772486772, 'zoomRatio': 0.45142773672417613}",Ricardo,Horta,#920403,Braga,Braga,Sporting CP,1,
2443524551,Miss,10264,1192166,Rodrigo Gomes,101.01724427350827,26.77404633653511,54,,False,False,,,18.1138853523,0.7127368386,0.16283482313156128,,RightFoot,RegularPlay,SecondHalf,False,"{'x': 2, 'y': 0.04486539688313219, 'zoomRatio': 0.23794364347907254}",Rodrigo,Gomes,#920403,Braga,Braga,Sporting CP,1,
2443527137,AttemptSaved,9768,732282,Trincao,86.03087907624823,32.01750116348266,61,,True,True,89.3,32.3225,34.07625,1.2199999940000001,0.06183984875679016,,LeftFoot,RegularPlay,SecondHalf,False,"{'x': 0.9798280423280419, 'y': 0.32275132116402117, 'zoomRatio': 1}",,Trincao,#106840,Sporting CP,Braga,Sporting CP,1,
2443528651,AttemptSaved,10264,605507,Andre Horta,94.4824561388,53.038983029374265,66,,False,True,103.6724137932,36.745000000000005,35.448750000000004,0.160526315,0.05118435621261597,0.0632,RightFoot,RegularPlay,SecondHalf,False,"{'x': 0.6167328042328032, 'y': 0.042467279100529096, 'zoomRatio': 1}",Andre,Horta,#920403,Braga,Braga,Sporting CP,1,
2443528835,Miss,10264,1192166,Rodrigo Gomes,100.35344682924587,19.445095811271784,66,,False,False,,,23.648917202,0.6228421022,0.039041727781295776,,RightFoot,RegularPlay,SecondHalf,False,"{'x': 2, 'y': 0.06017168583757667, 'zoomRatio': 0.3651791869281887}",Rodrigo,Gomes,#920403,Braga,Braga,Sporting CP,1,
2443529819,Miss,10264,40956,Andre Castro,86.24558987287588,42.986563382148745,69,,False,False,,,45.4020382125,5.305931043199999,0.02750265598297119,,RightFoot,SetPiece,SecondHalf,False,"{'x': 1.1102230246251565e-16, 'y': 0.46534934757393914, 'zoomRatio': 0.33151967477674327}",Andre,Castro,#920403,Braga,Braga,Sporting CP,1,
2443530849,Miss,9768,955529,Matheus Luiz,76.62864421533112,39.545001283464885,72,,False,False,,,30.34,6.027172424800001,0.021439790725708008,,RightFoot,RegularPlay,SecondHalf,False,"{'x': 1.4112592081372897, 'y': 0.6772486772486772, 'zoomRatio': 0.42474311660080777}",Matheus,Luiz,#106840,Sporting CP,Braga,Sporting CP,1,
2443531243,AttemptSaved,10264,432591,Ricardo Horta,82.4849514568,35.525000000000006,73,,False,True,103.19827586219999,34.1525,34.07625,0.3659999982,0.03109079599380493,0.0184,RightFoot,RegularPlay,SecondHalf,False,"{'x': 0.9798280423280419, 'y': 0.09682539634920634, 'zoomRatio': 1}",Ricardo,Horta,#920403,Braga,Braga,Sporting CP,1,
2443533713,Miss,10264,191793,Nuno Sequeira,76.06553741933112,31.63625116348266,78,,False,False,,,33.92375,7.600000016000001,0.037087082862854004,,LeftFoot,FreeKick,SecondHalf,False,"{'x': 1.006794764675197, 'y': 0.6772486772486772, 'zoomRatio': 0.3368421045540166}",Nuno,Sequeira,#920403,Braga,Braga,Sporting CP,1,
2443536405,Goal,9768,637744,Marcus Edwards,101.58620834375414,30.220000091552734,83,,False,True,,,37.355000000000004,0.9759999952,0.46699535846710205,0.9917,LeftFoot,RegularPlay,SecondHalf,False,"{'x': 0.11243386243386144, 'y': 0.2582010569312169, 'zoomRatio': 1}",Marcus,Edwards,#106840,Sporting CP,Braga,Sporting CP,1,
2443539567,Goal,10264,748380,Abel Ruiz,97.2807032260393,40.21738159423244,88,,False,True,,,31.559999999999995,0.20547368320000003,0.1547306478023529,0.9136,RightFoot,RegularPlay,SecondHalf,False,"{'x': 1.6455026455026467, 'y': 0.05435811724867726, 'zoomRatio': 1}",Abel,Ruiz,#920403,Braga,Braga,Sporting CP,1,
2443540325,AttemptSaved,9768,611831,Jerry St. Juste,77.86747744806556,33.46624941825866,90,0.0,True,True,79.782038836,33.8475,35.143750000000004,1.2199999940000001,0.018483459949493408,,LeftFoot,RegularPlay,SecondHalf,False,"{'x': 0.6974206349206338, 'y': 0.32275132116402117, 'zoomRatio': 1}",Jerry St.,Juste,#106840,Sporting CP,Braga,Sporting CP,1,St. Juste
2443541725,AttemptSaved,10264,1215057,Vitor Oliveira,97.8596491223,23.999234604412866,90,3.0,False,True,100.5431034486,26.4009375,33.695,0.4879999976,0.19396081566810608,0.1107,RightFoot,RegularPlay,SecondHalf,False,"{'x': 1.0806878306878307, 'y': 0.12910052846560846, 'zoomRatio': 1}",Vitor,Oliveira,#920403,Braga,Braga,Sporting CP,1,
2443542035,Miss,10264,40956,Andre Castro,86.67500327575178,31.63625116348266,90,4.0,False,False,103.6724137932,56.193364922,56.455734590400006,0.3595789456,0.04653683304786682,,RightFoot,FromCorner,SecondHalf,False,"{'x': 0, 'y': 0.016012789256679344, 'zoomRatio': 0.16833116657942593}",Andre,Castro,#920403,Braga,Braga,Sporting CP,1,
2443571445,Miss,7844,919919,Andre,93.5,41.425625441074374,6,,False,False,98.24561403470001,41.772499999999994,45.6122292954,2.0483157794,0.09065699577331543,,LeftFoot,RegularPlay,FirstHalf,False,"{'x': 0, 'y': 0.17639298426628625, 'zoomRatio': 0.3255188908039723}",,Andre,#181818,Vitoria de Guimaraes,Chaves,Vitoria de Guimaraes,1,
2443575767,AttemptSaved,7844,919919,Andre,94.28947662727859,48.83516137137427,13,,False,True,103.2931034484,36.21125,33.61875,0.6485263126,0.034407466650009155,0.023,LeftFoot,RegularPlay,FirstHalf,False,"{'x': 1.1008597883597888, 'y': 0.17156780756613757, 'zoomRatio': 1}",,Andre,#181818,Vitoria de Guimaraes,Chaves,Vitoria de Guimaraes,1,
2443580447,AttemptSaved,9774,488140,Joao Teixeira,85.70882516687588,45.54216453201287,20,,True,True,94.09649122639999,40.46952381,32.9325,1.2199999940000001,0.07623639702796936,,RightFoot,FreeKick,FirstHalf,False,"{'x': 1.282407407407408, 'y': 0.32275132116402117, 'zoomRatio': 1}",Joao,Teixeira,#104080,Chaves,Chaves,Vitoria de Guimaraes,1,
2443585305,AttemptSaved,9774,890503,Kevin Pina,79.21893032153443,47.85426858208713,30,,True,True,87.31911764680001,43.650445855,33.2375,1.2199999940000001,0.014886707067489624,,LeftFoot,IndividualPlay,FirstHalf,False,"{'x': 1.2017195767195774, 'y': 0.32275132116402117, 'zoomRatio': 1}",Kevin,Pina,#104080,Chaves,Chaves,Vitoria de Guimaraes,1,
2443586469,Miss,7844,919919,Andre,87.64117319424822,37.768000091552736,31,,False,False,,,37.94809524,3.7417931072000004,0.0853579044342041,,LeftFoot,RegularPlay,FirstHalf,False,"{'x': 0.2854115119842511, 'y': 0.6772486772486772, 'zoomRatio': 0.6841639627466359}",,Andre,#181818,Vitoria de Guimaraes,Chaves,Vitoria de Guimaraes,1,
2443590021,Miss,9774,488140,Joao Teixeira,92.4000015258789,35.83000116348267,37,,False,False,,,33.161249999999995,3.7417931072000004,0.17430317401885986,,RightFoot,RegularPlay,FirstHalf,False,"{'x': 1.1518101914692445, 'y': 0.6772486772486772, 'zoomRatio': 0.6841639627466359}",Joao,Teixeira,#104080,Chaves,Chaves,Vitoria de Guimaraes,1,
2443590659,AttemptSaved,7844,627599,Ruben Lameiras,87.74853268775178,46.38293207087426,37,,True,True,91.0,44.000764326500004,33.466249999999995,1.2199999940000001,0.06373852491378784,,LeftFoot,RegularPlay,FirstHalf,False,"{'x': 1.141203703703705, 'y': 0.32275132116402117, 'zoomRatio': 1}",Ruben,Lameiras,#181818,Vitoria de Guimaraes,Chaves,Vitoria de Guimaraes,1,
2443593405,Miss,9774,575229,Héctor Hernández,82.25971217533113,30.26799981689453,41,,False,False,,,31.865,4.0980689704,0.023655682802200317,,RightFoot,RegularPlay,FirstHalf,False,"{'x': 1.352831037342155, 'y': 0.6772486772486772, 'zoomRatio': 0.6246844595566009}",Héctor,Hernández,#104080,Chaves,Chaves,Vitoria de Guimaraes,1,
2443595945,Miss,9774,874318,Joao Mendes,89.9000015258789,44.70140233858713,43,,False,False,97.7631578942,41.141904761999996,39.460952381999995,0.6228421022,0.0714506208896637,,LeftFoot,RegularPlay,FirstHalf,False,"{'x': 0, 'y': 0.11405375081697619, 'zoomRatio': 0.6921869548724447}",Joao,Mendes,#104080,Chaves,Chaves,Vitoria de Guimaraes,1,
2443595875,Miss,9774,874318,Joao Mendes,94.6754356503214,37.719999908447264,45,0.0,False,False,,,42.061562499999994,2.2281052522,0.08061477541923523,,Header,RegularPlay,FirstHalf,False,"{'x': 0, 'y': 0.27638627774702507, 'zoomRatio': 0.46889173159669767}",Joao,Mendes,#104080,Chaves,Chaves,Vitoria de Guimaraes,1,
2443597579,Goal,7844,919919,Andre,97.18421347027859,42.1771875,45,3.0,False,True,,,31.7125,0.7319999964,0.055056244134902954,0.2647,LeftFoot,RegularPlay,FirstHalf,False,"{'x': 1.6051587301587305, 'y': 0.19365079269841268, 'zoomRatio': 1}",,Andre,#181818,Vitoria de Guimaraes,Chaves,Vitoria de Guimaraes,1,
2443613281,AttemptSaved,7844,919919,Andre,74.93932382733112,32.398751163482665,49,,False,True,102.72413793119999,33.466249999999995,34.305,0.9374736796,0.03912460803985596,0.0172,LeftFoot,RegularPlay,SecondHalf,False,"{'x': 0.9193121693121694, 'y': 0.24800890994708993, 'zoomRatio': 1}",,Andre,#181818,Vitoria de Guimaraes,Chaves,Vitoria de Guimaraes,1,
2443613743,Miss,9774,874318,Joao Mendes,89.0999984741211,37.708000091552734,49,,False,False,,,38.620476192,0.44305262940000006,0.07694458961486816,,RightFoot,RegularPlay,SecondHalf,False,"{'x': 0, 'y': 0.09588895407947602, 'zoomRatio': 0.8180974953501073}",Joao,Mendes,#104080,Chaves,Chaves,Vitoria de Guimaraes,1,
2443614815,Miss,9774,488140,Joao Teixeira,82.4849514568,34.45749883651734,51,,False,False,,,27.782619046999997,2.1382105158,0.05296769738197327,,RightFoot,RegularPlay,SecondHalf,False,"{'x': 2, 'y': 0.34390855763282013, 'zoomRatio': 0.6079730401876178}",Joao,Teixeira,#104080,Chaves,Chaves,Vitoria de Guimaraes,1,
2443616073,AttemptSaved,9774,488140,Joao Teixeira,79.78203711753443,36.592501163482666,53,,False,True,104.3362068966,34.305,34.0,1.0594736790000001,0.05511912703514099,0.019,RightFoot,FreeKick,SecondHalf,False,"{'x': 1, 'y': 0.28028404206349206, 'zoomRatio': 1}",Joao,Teixeira,#104080,Chaves,Chaves,Vitoria de Guimaraes,1,
2443619263,AttemptSaved,9774,488140,Joao Teixeira,90.69999694824219,29.211428570000002,59,,False,True,104.71551724140001,33.61875,31.7125,0.28252631440000003,0.053561002016067505,0.1776,RightFoot,RegularPlay,SecondHalf,False,"{'x': 1.6051587301587305, 'y': 0.07474241121693122, 'zoomRatio': 1}",Joao,Teixeira,#104080,Chaves,Chaves,Vitoria de Guimaraes,1,
2443620283,Post,7844,627599,Ruben Lameiras,95.2543889082786,42.119375882148745,61,,False,False,,,37.732,0.8154736802,0.09511488676071167,,RightFoot,RegularPlay,SecondHalf,False,"{'x': 0.012698412698412986, 'y': 0.2157337778306878, 'zoomRatio': 1}",Ruben,Lameiras,#181818,Vitoria de Guimaraes,Chaves,Vitoria de Guimaraes,1,
2443620719,AttemptSaved,7844,777028,André Almeida,82.82281897133113,26.858095879232447,62,,True,True,88.1779411764,28.454999999,33.00875,1.2199999940000001,0.04173576831817627,,RightFoot,SetPiece,SecondHalf,False,"{'x': 1.26223544973545, 'y': 0.32275132116402117, 'zoomRatio': 1}",André,Almeida,#181818,Vitoria de Guimaraes,Chaves,Vitoria de Guimaraes,1,
2443621555,AttemptSaved,7844,422812,Tiago Silva,77.75485780733112,29.043332690767556,64,,True,True,87.21176470559999,30.244,32.39875,1.2199999940000001,0.0596490204334259,,RightFoot,FreeKick,SecondHalf,False,"{'x': 1.4236111111111112, 'y': 0.32275132116402117, 'zoomRatio': 1}",Tiago,Silva,#181818,Vitoria de Guimaraes,Chaves,Vitoria de Guimaraes,1,
2443621831,AttemptSaved,7844,627599,Ruben Lameiras,88.9000015258789,16.9228025492,65,,False,True,102.629310345,30.95,36.66875,0.8539999958000001,0.043684929609298706,0.2686,LeftFoot,FromCorner,SecondHalf,False,"{'x': 0.29398148148148073, 'y': 0.22592592481481483, 'zoomRatio': 1}",Ruben,Lameiras,#181818,Vitoria de Guimaraes,Chaves,Vitoria de Guimaraes,1,
2443622429,Miss,7844,-1,Jota Silva,87.963235294,44.98165818487426,67,,False,False,,,37.78,3.6201379344000006,0.0634661316871643,,LeftFoot,FastBreak,SecondHalf,False,"{'x': 0.29284462460011396, 'y': 0.6772486772486772, 'zoomRatio': 0.7071553753998859}",Jota,Silva,#181818,Vitoria de Guimaraes,Chaves,Vitoria de Guimaraes,1,
2443623963,AttemptSaved,7844,627599,Ruben Lameiras,94.0,21.967389073343565,71,,False,True,103.4827586208,30.95,36.745000000000005,1.5025263084,0.07696151733398438,0.5117,LeftFoot,RegularPlay,SecondHalf,False,"{'x': 0.2738095238095226, 'y': 0.39749373238095237, 'zoomRatio': 1}",Ruben,Lameiras,#181818,Vitoria de Guimaraes,Chaves,Vitoria de Guimaraes,1,
2443626895,Miss,7844,854081,Nelson Da Luz,75.7276699048,40.55357014653511,78,,False,False,,,29.631666665,0.5329473658000001,0.00975450873374939,,LeftFoot,RegularPlay,SecondHalf,False,"{'x': 2, 'y': 0.12200244920183037, 'zoomRatio': 0.8653185803642427}",Nelson Da,Luz,#181818,Vitoria de Guimaraes,Chaves,Vitoria de Guimaraes,1,
2443627215,AttemptSaved,7844,876734,Anderson,84.06165220406557,39.376905404232446,79,,False,True,102.3448275864,34.99125,33.00875,0.1219999994,0.05460044741630554,0.0845,LeftFoot,FastBreak,SecondHalf,False,"{'x': 1.26223544973545, 'y': 0.032275132116402115, 'zoomRatio': 1}",,Anderson,#181818,Vitoria de Guimaraes,Chaves,Vitoria de Guimaraes,1,
2443627815,Miss,7844,1218555,Andre Amaro,100.06896841150827,36.36374883651734,80,,False,False,,,33.5425,4.2197241432000006,0.22456058859825134,,Header,FromCorner,SecondHalf,False,"{'x': 1.0734269016946463, 'y': 0.6772486772486772, 'zoomRatio': 0.6066747287557619}",Andre,Amaro,#181818,Vitoria de Guimaraes,Chaves,Vitoria de Guimaraes,1,
2443631949,Miss,9774,-1,Jonathan Arriba,83.27329753426886,47.64407536101287,90,1.0,False,False,,,38.452380954,3.3768275888,0.04657825827598572,,RightFoot,FreeKick,SecondHalf,False,"{'x': 0.10704084457706842, 'y': 0.6772486772486772, 'zoomRatio': 0.7581079971304456}",Jonathan,Arriba,#104080,Chaves,Chaves,Vitoria de Guimaraes,1,
2443632291,Miss,9774,-1,Jonathan Arriba,97.57017249332141,22.878216564699997,90,2.0,False,False,100.3534482762,25.186875,42.9865625,0.44305262940000006,0.05545637011528015,,RightFoot,RegularPlay,SecondHalf,False,"{'x': 0, 'y': 0.04930168008067603, 'zoomRatio': 0.4206280210035819}",Jonathan,Arriba,#104080,Chaves,Chaves,Vitoria de Guimaraes,1,
2443633917,AttemptSaved,9774,-1,Jonathan Arriba,88.5999984741211,25.2446875,90,7.0,True,True,92.7,26.942142857,33.084999999999994,1.2199999940000001,0.04432755708694458,,RightFoot,RegularPlay,SecondHalf,False,"{'x': 1.2420634920634936, 'y': 0.32275132116402117, 'zoomRatio': 1}",Jonathan,Arriba,#104080,Chaves,Chaves,Vitoria de Guimaraes,1,
2443634227,Miss,9774,-1,Hélder Morim,91.0,41.65687411785126,90,8.0,False,False,,,37.78,5.7925517344,0.04986920952796936,,LeftFoot,RegularPlay,SecondHalf,False,"{'x': 0.5580531487018011, 'y': 0.6772486772486772, 'zoomRatio': 0.4419468512981988}",Hélder,Morim,#104080,Chaves,Chaves,Vitoria de Guimaraes,1,
2443570193,AttemptSaved,9765,449834,Welinton Junior,77.52960993353443,34.686251163482666,7,,True,True,84.1742718448,34.99125,35.9825,1.2199999940000001,0.03939783573150635,,RightFoot,FreeKick,FirstHalf,False,"{'x': 0.47552910052910013, 'y': 0.32275132116402117, 'zoomRatio': 1}",Welinton,Junior,#000000,Portimonense,Portimonense,Boavista,1,
2443570695,AttemptSaved,9765,449834,Welinton Junior,87.64117319424822,30.316,8,,False,True,101.0172413796,33.466249999999995,34.22875,0.20547368320000003,0.15629807114601135,0.0358,RightFoot,RegularPlay,FirstHalf,False,"{'x': 0.9394841269841275, 'y': 0.05435811724867726, 'zoomRatio': 1}",Welinton,Junior,#000000,Portimonense,Portimonense,Boavista,1,
2443571467,Goal,8613,618933,Yusupha Njie,94.5789458945607,43.30012845258713,9,,False,True,,,33.31375,0.0834736838,0.17354607582092285,0.2977,LeftFoot,RegularPlay,FirstHalf,False,"{'x': 1.1815476190476193, 'y': 0.02208298513227513, 'zoomRatio': 1}",Yusupha,Njie,#000000,Boavista,Portimonense,Boavista,1,
2443576391,Miss,8613,690223,Rodrigo Abascal,36.81796202083278,40.80571556846489,16,,False,False,93.5,44.1408917151,51.6377070052,1.60526315,0.010610878467559814,,LeftFoot,RegularPlay,FirstHalf,False,"{'x': -2.220446049250313e-16, 'y': 0.09101314300814341, 'zoomRatio': 0.2143135725571113}",Rodrigo,Abascal,#000000,Boavista,Portimonense,Boavista,1,
2443579591,AttemptSaved,8613,643232,Kenji Gorré,92.0,42.46625,21,,True,True,96.50877192889999,39.713095239,31.4075,1.3355789408,0.0715356171131134,,RightFoot,RegularPlay,FirstHalf,False,"{'x': 1.6858465608465611, 'y': 0.3533277621164021, 'zoomRatio': 1}",Kenji,Gorré,#000000,Boavista,Portimonense,Boavista,1,
2443579637,AttemptSaved,8613,979748,Yanis Hamache,94.4824561388,53.45936412608713,21,,False,True,104.4310344828,35.525000000000006,34.533750000000005,0.3274736826,0.019648343324661255,0.0264,LeftFoot,RegularPlay,FirstHalf,False,"{'x': 0.8587962962962951, 'y': 0.08663324936507935, 'zoomRatio': 1}",Yanis,Hamache,#000000,Boavista,Portimonense,Boavista,1,
2443580827,Miss,9765,449834,Welinton Junior,96.0263143160607,37.719999908447264,23,,False,False,98.535087719,31.4075,15.451464968899998,0.1797894728,0.07622700929641724,,Header,RegularPlay,FirstHalf,False,"{'x': 2, 'y': 0.009692920357243853, 'zoomRatio': 0.20378967900495326}",Welinton,Junior,#000000,Portimonense,Portimonense,Boavista,1,
2443581191,Miss,9765,1285815,Filipe Relvas,94.7719327677786,32.856249999999996,23,,False,False,102.06034482780001,37.2025,44.4211464923,1.1622105206000002,0.030422687530517578,,LeftFoot,FromCorner,FirstHalf,False,"{'x': 0, 'y': 0.11152424749606364, 'zoomRatio': 0.3627240057313249}",Filipe,Relvas,#000000,Portimonense,Portimonense,Boavista,1,
2443581263,AttemptSaved,9765,1285815,Filipe Relvas,97.18421347027859,34.0,23,,True,True,98.14912280659999,34.1525,35.143750000000004,1.2199999940000001,0.08890336751937866,,Header,FromCorner,FirstHalf,False,"{'x': 0.6974206349206338, 'y': 0.32275132116402117, 'zoomRatio': 1}",Filipe,Relvas,#000000,Portimonense,Portimonense,Boavista,1,
2443582503,AttemptSaved,9765,449834,Welinton Junior,98.05262863382141,47.71413798622574,26,,False,True,104.051724138,37.696,35.9825,1.0979999946,0.09191569685935974,0.0739,RightFoot,RegularPlay,FirstHalf,False,"{'x': 0.47552910052910013, 'y': 0.29047618904761907, 'zoomRatio': 1}",Welinton,Junior,#000000,Portimonense,Portimonense,Boavista,1,
2443582721,AttemptSaved,9765,866406,Willyan,94.28947662727859,28.286906043464892,27,,False,True,104.051724138,32.3225,30.72125,0.8154736802,0.024327903985977173,0.2164,Header,FromCorner,FirstHalf,False,"{'x': 1.8673941798941804, 'y': 0.2157337778306878, 'zoomRatio': 1}",,Willyan,#000000,Portimonense,Portimonense,Boavista,1,
2443584613,Miss,9765,-1,Yago,100.92241089949172,35.219998836517334,31,,False,False,,,38.78857143,6.635448288800001,0.28507259488105774,,Header,SetPiece,FirstHalf,False,"{'x': 0.5112532679438904, 'y': 0.6772486772486772, 'zoomRatio': 0.38580663861415876}",,Yago,#000000,Portimonense,Portimonense,Boavista,1,
2443587365,AttemptSaved,8613,618933,Yusupha Njie,87.963235294,35.525000000000006,36,,True,True,90.5,35.525000000000006,35.448750000000004,1.2199999940000001,0.09170368313789368,,RightFoot,RegularPlay,FirstHalf,False,"{'x': 0.6167328042328032, 'y': 0.32275132116402117, 'zoomRatio': 1}",Yusupha,Njie,#000000,Boavista,Portimonense,Boavista,1,
2443589447,AttemptSaved,9765,449834,Welinton Junior,91.19999694824219,41.14190412076755,38,,False,True,103.103448276,34.99125,34.4575,0.40452631380000004,0.08044764399528503,0.042,RightFoot,FastBreak,FirstHalf,False,"{'x': 0.8789682539682532, 'y': 0.10701754333333334, 'zoomRatio': 1}",Welinton,Junior,#000000,Portimonense,Portimonense,Boavista,1,
2443590321,AttemptSaved,8613,643232,Kenji Gorré,91.0,46.733250542374265,40,,True,True,94.38596491070001,44.000764326500004,35.3725,1.2199999940000001,0.05601957440376282,,RightFoot,RegularPlay,FirstHalf,False,"{'x': 0.6369047619047613, 'y': 0.32275132116402117, 'zoomRatio': 1}",Kenji,Gorré,#000000,Boavista,Portimonense,Boavista,1,
2443607479,Miss,9765,561199,Fahd Moufi,86.13823856975176,24.349553075912866,49,,False,False,,,37.78,6.8787586344000005,0.053371965885162354,,RightFoot,RegularPlay,SecondHalf,False,"{'x': 0.627839827494791, 'y': 0.6772486772486772, 'zoomRatio': 0.372160172505209}",Fahd,Moufi,#000000,Portimonense,Portimonense,Boavista,1,
2443610211,AttemptSaved,9765,666952,Pedro Sa,81.35873786479999,37.744,53,,True,True,87.31911764680001,37.27875,34.305,1.2199999940000001,0.044367313385009766,,LeftFoot,RegularPlay,SecondHalf,False,"{'x': 0.9193121693121694, 'y': 0.32275132116402117, 'zoomRatio': 1}",Pedro,Sa,#000000,Portimonense,Portimonense,Boavista,1,
2443611869,Miss,9765,1285815,Filipe Relvas,97.9561388780607,34.7625,55,,False,False,,,36.97375,5.5492413888000005,0.12314900755882263,,Header,FromCorner,SecondHalf,False,"{'x': 0.6370732298593038, 'y': 0.6772486772486772, 'zoomRatio': 0.46132431816118724}",Filipe,Relvas,#000000,Portimonense,Portimonense,Boavista,1,
2443614779,AttemptSaved,8613,1282144,Pedro Malheiro,104.051724138,26.942142215767557,60,,False,True,105.0,30.416249999999994,32.551249999999996,0.28252631440000003,0.15328311920166016,0.0556,Header,RegularPlay,SecondHalf,False,"{'x': 1.3832671957671967, 'y': 0.07474241121693122, 'zoomRatio': 1}",Pedro,Malheiro,#000000,Boavista,Portimonense,Boavista,1,
2443616711,AttemptSaved,9765,449834,Welinton Junior,90.80000305175781,23.438725584556433,63,,False,True,103.8620689656,32.6275,34.22875,0.160526315,0.04915827512741089,0.0287,RightFoot,RegularPlay,SecondHalf,False,"{'x': 0.9394841269841275, 'y': 0.042467279100529096, 'zoomRatio': 1}",Welinton,Junior,#000000,Portimonense,Portimonense,Boavista,1,
2443617035,AttemptSaved,8613,1079218,Luis Santos,94.0,38.45237967153511,64,,False,True,103.4827586208,34.1525,32.856249999999996,0.28252631440000003,0.1456717848777771,0.0837,RightFoot,RegularPlay,SecondHalf,False,"{'x': 1.3025793650793662, 'y': 0.07474241121693122, 'zoomRatio': 1}",Luis,Santos,#000000,Boavista,Portimonense,Boavista,1,
2443619401,AttemptSaved,9765,-1,Yago,88.5999984741211,33.16125116348266,68,,False,True,103.9568965518,34.0,34.533750000000005,0.6099999970000001,0.042651861906051636,0.028,LeftFoot,RegularPlay,SecondHalf,False,"{'x': 0.8587962962962951, 'y': 0.16137566058201058, 'zoomRatio': 1}",,Yago,#000000,Portimonense,Portimonense,Boavista,1,
2443620749,AttemptSaved,9765,1047931,Anderson Oliveira,79.21893032153443,38.03214157653511,71,,False,True,104.3362068966,34.1525,34.0,0.160526315,0.03450220823287964,0.0237,LeftFoot,RegularPlay,SecondHalf,False,"{'x': 1, 'y': 0.042467279100529096, 'zoomRatio': 1}",Anderson,Oliveira,#000000,Portimonense,Portimonense,Boavista,1,
2443622019,AttemptSaved,8613,309353,Sebastian Perez,75.05194346806556,30.30400018310547,75,,True,True,77.8674757296,30.304,30.492499999999996,1.2199999940000001,0.0008175075054168701,,RightFoot,FromCorner,SecondHalf,False,"{'x': 1.9279100529100548, 'y': 0.32275132116402117, 'zoomRatio': 1}",Sebastian,Perez,#000000,Boavista,Portimonense,Boavista,1,
2443622465,AttemptSaved,8613,1079218,Luis Santos,74.0383495168,25.70718705892563,76,,False,True,103.103448276,33.466249999999995,30.873749999999998,0.0385263156,0.012756258249282837,0.3437,RightFoot,RegularPlay,SecondHalf,False,"{'x': 1.8270502645502642, 'y': 0.010192146984126984, 'zoomRatio': 1}",Luis,Santos,#000000,Boavista,Portimonense,Boavista,1,
2443622917,Miss,9765,-1,Yago,93.30000305175781,37.05,77,,False,False,,,23.2985987305,1.3355789408,0.030795782804489136,,LeftFoot,RegularPlay,SecondHalf,False,"{'x': 2, 'y': 0.12480411743894942, 'zoomRatio': 0.3532247698040589}",,Yago,#000000,Portimonense,Portimonense,Boavista,1,
2443626459,Miss,9765,1047931,Anderson Oliveira,82.14708394226886,31.941249418258664,85,,False,False,102.4396551726,1.4430331762000002,0.655924171,0.2696842092,0.031574755907058716,,RightFoot,FromCorner,SecondHalf,False,"{'x': 2, 'y': 0.008087919742716344, 'zoomRatio': 0.11336346580379532}",Anderson,Oliveira,#000000,Portimonense,Portimonense,Boavista,1,
2443628505,AttemptSaved,9765,-1,Yago,97.8596491223,33.847499418258664,90,0.0,False,True,99.01754385950001,34.0,34.4575,1.1814736784,0.11481800675392151,0.2176,Header,RegularPlay,SecondHalf,False,"{'x': 0.8789682539682532, 'y': 0.31255917417989415, 'zoomRatio': 1}",,Yago,#000000,Portimonense,Portimonense,Boavista,1,
2443897405,AttemptSaved,6403,45244,Antunes,97.3771929818,47.2236942643,7,,True,True,99.1140350876,47.9243312073,32.9325,1.2199999940000001,0.045914679765701294,,LeftFoot,RegularPlay,FirstHalf,False,"{'x': 1.282407407407408, 'y': 0.32275132116402117, 'zoomRatio': 1}",,Antunes,#009840,Pacos de Ferreira,Gil Vicente,Pacos de Ferreira,1,
2443898193,AttemptSaved,6403,1282075,Arthur Sales,92.0999984741211,24.769936845343565,9,,True,True,94.2894736826,26.111875,34.68625,1.2199999940000001,0.027253270149230957,,LeftFoot,RegularPlay,FirstHalf,False,"{'x': 0.8184523809523807, 'y': 0.32275132116402117, 'zoomRatio': 1}",Arthur,Sales,#009840,Pacos de Ferreira,Gil Vicente,Pacos de Ferreira,1,
2443898735,AttemptSaved,9764,848051,Juan Boselli,97.6666696107786,28.70714413846489,11,,False,True,100.8275862072,30.328,33.77125,0.0385263156,0.15048301219940186,0.2864,RightFoot,RegularPlay,FirstHalf,False,"{'x': 1.0605158730158726, 'y': 0.010192146984126984, 'zoomRatio': 1}",Juan,Boselli,#A03830,Gil Vicente,Gil Vicente,Pacos de Ferreira,1,
2443898783,AttemptSaved,9764,1173576,Matheus Bueno,85.70882516687588,44.70140233858713,11,,True,True,92.7,41.225952381,33.695,1.2199999940000001,0.04435163736343384,,RightFoot,RegularPlay,FirstHalf,False,"{'x': 1.0806878306878307, 'y': 0.32275132116402117, 'zoomRatio': 1}",Matheus,Bueno,#A03830,Gil Vicente,Gil Vicente,Pacos de Ferreira,1,
2443899245,AttemptSaved,6403,45244,Antunes,77.75485780733112,25.53375,12,,False,True,103.577586207,34.0,35.143750000000004,2.0739999898,0.03509208559989929,0.1634,LeftFoot,FreeKick,FirstHalf,False,"{'x': 0.6974206349206338, 'y': 0.5486772459788359, 'zoomRatio': 1}",,Antunes,#009840,Pacos de Ferreira,Gil Vicente,Pacos de Ferreira,1,
2443899503,AttemptSaved,6403,304625,Juan Delgado,97.2807032260393,45.261908685725736,13,,False,True,103.2931034484,35.75375,33.5425,1.5025263084,0.01089128851890564,0.0408,Header,FromCorner,FirstHalf,False,"{'x': 1.121031746031747, 'y': 0.39749373238095237, 'zoomRatio': 1}",Juan,Delgado,#009840,Pacos de Ferreira,Gil Vicente,Pacos de Ferreira,1,
2443902347,AttemptSaved,6403,1282075,Arthur Sales,98.3421052628,26.054063382148744,21,,False,True,103.6724137932,30.72125,31.331249999999997,1.3419999934,0.10780912637710571,0.1798,Header,RegularPlay,FirstHalf,False,"{'x': 1.7060185185185193, 'y': 0.35502645328042326, 'zoomRatio': 1}",Arthur,Sales,#009840,Pacos de Ferreira,Gil Vicente,Pacos de Ferreira,1,
2443902517,AttemptSaved,6403,1012783,Nigel Thomas,90.30000305175781,48.83516137137427,22,,False,True,103.4827586208,35.90625,35.75375,0.4879999976,0.022164762020111084,0.0588,RightFoot,FromCorner,FirstHalf,False,"{'x': 0.5360449735449745, 'y': 0.12910052846560846, 'zoomRatio': 1}",Nigel,Thomas,#009840,Pacos de Ferreira,Gil Vicente,Pacos de Ferreira,1,
2443902721,AttemptSaved,9764,1173576,Matheus Bueno,81.69660537933113,40.721666025767554,22,,True,True,86.78235294080001,39.460952381999995,35.143750000000004,1.2199999940000001,0.03279659152030945,,RightFoot,RegularPlay,FirstHalf,False,"{'x': 0.6974206349206338, 'y': 0.32275132116402117, 'zoomRatio': 1}",Matheus,Bueno,#A03830,Gil Vicente,Gil Vicente,Pacos de Ferreira,1,
2443902981,Miss,6403,185591,Luiz Carlos,80.00728499133112,30.95,23,,False,False,85.9235294112,28.875238094000004,24.6298089222,0.802631575,0.03469190001487732,,RightFoot,RegularPlay,FirstHalf,False,"{'x': 2, 'y': 0.08565797306968552, 'zoomRatio': 0.4034069282701858}",Luiz,Carlos,#009840,Pacos de Ferreira,Gil Vicente,Pacos de Ferreira,1,
2443903389,AttemptSaved,9764,816001,Carvalho,93.5999984741211,31.40749883651733,25,,True,True,94.9649122793,31.78875,34.61,1.2199999940000001,0.05477440357208252,,Header,SetPiece,FirstHalf,False,"{'x': 0.8386243386243388, 'y': 0.32275132116402117, 'zoomRatio': 1}",,Carvalho,#A03830,Gil Vicente,Gil Vicente,Pacos de Ferreira,1,
2443904007,Miss,9764,606158,Henrique Gomes,95.6403479313214,44.56127174272574,27,,False,False,,,38.872619049,5.0626206976,0.053623974323272705,,LeftFoot,RegularPlay,FirstHalf,False,"{'x': 0.34816866544310676, 'y': 0.6772486772486772, 'zoomRatio': 0.5056669564863117}",Henrique,Gomes,#A03830,Gil Vicente,Gil Vicente,Pacos de Ferreira,1,
2443904161,AttemptSaved,9764,1173576,Matheus Bueno,82.59757109753443,28.791190475,28,,False,True,102.9137931036,33.61875,36.5925,0.20547368320000003,0.041305989027023315,0.2865,RightFoot,RegularPlay,FirstHalf,False,"{'x': 0.31415343915343885, 'y': 0.05435811724867726, 'zoomRatio': 1}",Matheus,Bueno,#A03830,Gil Vicente,Gil Vicente,Pacos de Ferreira,1,
2443905809,AttemptSaved,9764,848051,Juan Boselli,76.17815706006556,24.349553075912866,33,,False,True,103.8620689656,33.61875,31.254999999999995,0.8539999958000001,0.02220359444618225,0.1677,LeftFoot,FreeKick,FirstHalf,False,"{'x': 1.7261904761904774, 'y': 0.22592592481481483, 'zoomRatio': 1}",Juan,Boselli,#A03830,Gil Vicente,Gil Vicente,Pacos de Ferreira,1,
2443907297,Miss,9764,606158,Henrique Gomes,80.57039178733112,51.91795964422573,39,,False,False,,,42.9865625,5.5492413888000005,0.025183051824569702,,LeftFoot,RegularPlay,FirstHalf,False,"{'x': 0, 'y': 0.6175043448259557, 'zoomRatio': 0.4206280210035819}",Henrique,Gomes,#A03830,Gil Vicente,Gil Vicente,Pacos de Ferreira,1,
2443908099,AttemptSaved,9764,671855,Fran,84.7373786408,24.2794904507,42,,True,True,87.963235294,25.2446875,33.5425,1.3355789408,0.0410708487033844,,RightFoot,RegularPlay,FirstHalf,False,"{'x': 1.121031746031747, 'y': 0.3533277621164021, 'zoomRatio': 1}",,Fran,#A03830,Gil Vicente,Gil Vicente,Pacos de Ferreira,1,
2443913493,AttemptSaved,9764,1213117,Kevin Villodres,89.9000015258789,49.956179411087135,47,,True,True,91.3,48.4848407617,32.9325,1.2199999940000001,0.03300169110298157,,RightFoot,RegularPlay,SecondHalf,False,"{'x': 1.282407407407408, 'y': 0.32275132116402117, 'zoomRatio': 1}",Kevin,Villodres,#A03830,Gil Vicente,Gil Vicente,Pacos de Ferreira,1,
2443913669,Miss,9764,1213117,Kevin Villodres,83.49854540806557,24.349553075912866,48,,False,False,103.577586207,12.7905213345,13.9801273886,0.44305262940000006,0.008334368467330933,,RightFoot,FromCorner,SecondHalf,False,"{'x': 2, 'y': 0.022130641787785937, 'zoomRatio': 0.18881239023706567}",Kevin,Villodres,#A03830,Gil Vicente,Gil Vicente,Pacos de Ferreira,1,
2443914153,AttemptSaved,9764,816001,Carvalho,79.66941747679999,29.043332690767556,49,,False,True,103.6724137932,33.61875,31.941249999999997,0.3274736826,0.023379236459732056,0.1315,RightFoot,RegularPlay,SecondHalf,False,"{'x': 1.544642857142858, 'y': 0.08663324936507935, 'zoomRatio': 1}",,Carvalho,#A03830,Gil Vicente,Gil Vicente,Pacos de Ferreira,1,
2443914545,Miss,9764,1213117,Kevin Villodres,80.11990463206556,24.069299902343566,51,,False,False,,,8.0678673033,0.5329473658000001,0.01376071572303772,,RightFoot,FromCorner,SecondHalf,False,"{'x': 2, 'y': 0.02055162111166508, 'zoomRatio': 0.145765103248952}",Kevin,Villodres,#A03830,Gil Vicente,Gil Vicente,Pacos de Ferreira,1,
2443918511,Miss,6403,1185327,Pedro Ganchas,104.24137641649173,39.96523937846489,66,,False,False,,,39.797142858,0.6228421022,0.2944656014442444,,Header,SetPiece,SecondHalf,False,"{'x': -2.220446049250313e-16, 'y': 0.10743949518864866, 'zoomRatio': 0.6520453424368587}",Pedro,Ganchas,#009840,Pacos de Ferreira,Gil Vicente,Pacos de Ferreira,1,
2443919901,AttemptSaved,9764,924315,Kanya Fujimoto,86.352941176,30.95,74,,True,True,87.963235294,31.254999999999995,34.61,1.2199999940000001,0.06786936521530151,,LeftFoot,RegularPlay,SecondHalf,False,"{'x': 0.8386243386243388, 'y': 0.32275132116402117, 'zoomRatio': 1}",Kanya,Fujimoto,#A03830,Gil Vicente,Gil Vicente,Pacos de Ferreira,1,
2443920131,AttemptSaved,9764,979306,Boubacar Hanne,82.37233181606557,18.88458545505643,75,,True,True,86.0308823524,21.3368152901,35.448750000000004,1.2199999940000001,0.019064009189605713,,LeftFoot,RegularPlay,SecondHalf,False,"{'x': 0.6167328042328032, 'y': 0.32275132116402117, 'zoomRatio': 1}",Boubacar,Hanne,#A03830,Gil Vicente,Gil Vicente,Pacos de Ferreira,1,
2443920617,Miss,6403,164031,Nicolás Gaitán,94.5789458945607,32.62750058174133,78,,False,False,,,35.75375,4.5846896616,0.25811871886253357,,LeftFoot,RegularPlay,SecondHalf,False,"{'x': 0.7409366924717071, 'y': 0.6772486772486772, 'zoomRatio': 0.5583802152284811}",Nicolás,Gaitán,#009840,Pacos de Ferreira,Gil Vicente,Pacos de Ferreira,1,
2443920965,Miss,6403,877568,Jordan Holsgrove,78.20533637026887,50.09630466151287,81,,False,False,,,35.448750000000004,4.940965524800001,0.022895008325576782,,LeftFoot,RegularPlay,SecondHalf,False,"{'x': 0.8014226134063667, 'y': 0.6772486772486772, 'zoomRatio': 0.518117357255518}",Jordan,Holsgrove,#009840,Pacos de Ferreira,Gil Vicente,Pacos de Ferreira,1,
2443921239,AttemptSaved,6403,1069628,Matchoi,80.23252427279999,22.10751699648713,83,,True,True,87.31911764680001,25.360312500000003,35.0675,1.2199999940000001,0.04287019371986389,,LeftFoot,RegularPlay,SecondHalf,False,"{'x': 0.7175925925925919, 'y': 0.32275132116402117, 'zoomRatio': 1}",,Matchoi,#009840,Pacos de Ferreira,Gil Vicente,Pacos de Ferreira,1,
2443921361,AttemptSaved,6403,1030128,Lucas Silva,86.24558987287588,51.00713482558713,84,,False,True,103.103448276,36.51625,36.440000000000005,1.5859999922,0.03263220191001892,0.1757,RightFoot,RegularPlay,SecondHalf,False,"{'x': 0.3544973544973533, 'y': 0.4195767175132275, 'zoomRatio': 1}",Lucas,Silva,#009840,Pacos de Ferreira,Gil Vicente,Pacos de Ferreira,1,
2443921401,Goal,9764,505960,Ali Alipour,103.38793392850828,32.856249999999996,85,,False,True,,,33.695,0.1219999994,0.708197832107544,0.9608,RightFoot,RegularPlay,SecondHalf,False,"{'x': 1.0806878306878307, 'y': 0.032275132116402115, 'zoomRatio': 1}",Ali,Alipour,#A03830,Gil Vicente,Gil Vicente,Pacos de Ferreira,1,
2443922273,Miss,9764,-1,Danilo Veiga,94.28947662727859,19.725350321199997,90,4.0,False,False,,,29.799761903000004,0.9824210478000001,0.03995069861412048,,RightFoot,RegularPlay,SecondHalf,False,"{'x': 2, 'y': 0.23389651374803977, 'zoomRatio': 0.8999489821064788}",Danilo,Veiga,#A03830,Gil Vicente,Gil Vicente,Pacos de Ferreira,1,
