shirtNo,team,minutes,prog_passes,prog_carries,defensive_actions,suc_take_ons,total_passes,suc_passes,take_ons,xt,final_third_entries,final_third_passes,penalty_box_entries,penalty_box_passes,key_passes,Goals,Assists,Shots,xG,xGOT,xA,ChancesCreated,name,playerId,fotmob_name,fotmob_player_id
1.0,Arouca,270.0,25.0,0.0,7.0,0.0,105.0,71.0,0.0,0.19838491,0.0,4.0,0.0,0.0,0.0,0.0,0.0,0.0,0.0,0.0,0.0,0.0,Emilijus Zubas,72726.0,,
1.0,Boavista,450.0,28.0,1.0,11.0,2.0,148.0,90.0,2.0,0.1886003899999998,0.0,1.0,0.0,0.0,0.0,0.0,0.0,0.0,0.0,0.0,0.0,0.0,Bracali,35211.0,,
1.0,Braga,810.0,40.0,2.0,20.0,2.0,378.0,306.0,3.0,0.3449408099999999,0.0,15.0,0.0,1.0,0.0,0.0,0.0,0.0,0.0,0.0,0.0,0.0,Matheus,296521.0,,
1.0,Chaves,900.0,47.0,4.0,27.0,0.0,372.0,271.0,0.0,0.5500858,0.0,19.0,0.0,1.0,0.0,0.0,0.0,0.0,0.0,0.0,0.0,0.0,Paulo Vítor,363078.0,,
1.0,Gil-Vicente,90.0,2.0,0.0,2.0,0.0,45.0,37.0,0.0,0.0129580199999999,0.0,1.0,0.0,0.0,0.0,0.0,0.0,0.0,0.0,0.0,0.0,0.0,Stanislav Kritsyuk,124712.0,,
1.0,Maritimo,540.0,26.0,0.0,13.0,0.0,206.0,111.0,0.0,0.1969440099999998,0.0,2.0,0.0,0.0,0.0,0.0,0.0,0.0,0.0,0.0,0.0,0.0,Miguel Silva,322791.0,,
1.0,Pacos-de-Ferreira,180.0,2.0,0.0,4.0,0.0,67.0,51.0,0.0,-0.01060058,0.0,0.0,0.0,0.0,0.0,0.0,0.0,0.0,0.0,0.0,0.0,0.0,Jordi,279566.0,,
1.0,Santa-Clara,90.0,0.0,0.0,0.0,0.0,0.0,0.0,0.0,0.0,0.0,0.0,0.0,0.0,0.0,0.0,0.0,0.0,0.0,0.0,0.0,0.0,Ricardo Fernandes,344541.0,,
1.0,Sporting,900.0,18.0,0.0,14.0,0.0,342.0,296.0,0.0,0.0508618499999996,0.0,3.0,0.0,0.0,0.0,0.0,0.0,0.0,0.0,0.0,0.0,0.0,Antonio Adán,23285.0,,
2.0,Arouca,270.0,11.0,10.0,30.0,2.0,155.0,126.0,6.0,0.50020104,2.0,20.0,0.0,2.0,0.0,1.0,0.0,6.0,0.13,0.49,0.09,2.0,Morlaye Sylla,431222.0,Morlaye Sylla,689050.0
2.0,Benfica,451.0,32.0,67.0,56.0,12.0,455.0,378.0,24.0,1.7796885099999995,25.0,25.0,3.0,15.0,3.0,1.0,0.0,3.0,0.55,0.8,1.12,12.0,Gilberto,119542.0,Gilberto Junior,387499.0
2.0,Boavista,675.0,21.0,19.0,89.0,1.0,378.0,321.0,4.0,0.3900536399999998,6.0,15.0,0.0,1.0,0.0,0.0,0.0,0.0,0.0,0.0,0.05,0.0,Reggie Cannon,333946.0,Reggie Cannon,825603.0
2.0,Braga,164.0,14.0,5.0,13.0,0.0,110.0,84.0,1.0,0.77426278,1.0,4.0,0.0,3.0,4.0,0.0,0.0,0.0,0.0,0.0,0.48,6.0,Víctor Gómez,384566.0,Victor Gomez,927647.0
2.0,Casa-Pia,0.0,0.0,0.0,0.0,0.0,0.0,0.0,0.0,0.0,0.0,0.0,0.0,0.0,0.0,0.0,0.0,0.0,0.0,0.0,0.0,0.0,,,Eduardo Fereira,921605.0
2.0,Chaves,1.0,1.0,1.0,0.0,1.0,3.0,2.0,1.0,0.0244154499999999,1.0,1.0,0.0,0.0,0.0,0.0,0.0,0.0,0.0,0.0,0.0,0.0,Habib Sylla,447020.0,Habib Sylla,1204569.0
2.0,Famalicao,0.0,0.0,0.0,0.0,0.0,0.0,0.0,0.0,0.0,0.0,0.0,0.0,0.0,0.0,0.0,0.0,0.0,0.0,0.0,0.0,0.0,,,Diogo Queiros,824637.0
2.0,Maritimo,871.0,71.0,55.0,111.0,7.0,432.0,269.0,25.0,1.4098718599999998,11.0,39.0,4.0,7.0,1.0,1.0,1.0,7.0,0.89,0.99,0.1899999999999998,10.0,Claudio Winck,101952.0,Claudio Winck,267368.0
2.0,Porto,358.0,13.0,13.0,32.0,0.0,215.0,192.0,0.0,0.60201453,2.0,7.0,0.0,0.0,0.0,0.0,0.0,4.0,0.13,0.0,0.29,1.0,Fábio Cardoso,322771.0,Fabio Cardoso,361751.0
2.0,Sporting,798.0,45.0,66.0,73.0,5.0,712.0,639.0,12.0,0.9561092299999996,14.0,58.0,1.0,8.0,3.0,0.0,0.0,2.0,0.14,0.0,0.7999999999999997,5.0,Matheus Reis,283978.0, Matheus,653592.0
2.0,Vitoria-de-Guimaraes,202.0,13.0,6.0,31.0,0.0,111.0,90.0,0.0,0.4491696899999998,2.0,9.0,0.0,2.0,0.0,0.0,0.0,0.0,0.0,0.0,0.21,0.0,Miguel Maga,431674.0, Maga,1282445.0
3.0,Arouca,810.0,24.0,20.0,103.0,1.0,308.0,253.0,3.0,0.5169924799999996,1.0,14.0,0.0,0.0,1.0,0.0,1.0,0.0,0.05,0.0,0.16,2.0,Jerome Opoku,382364.0,Jerome Opoku,873227.0
3.0,Benfica,800.0,72.0,45.0,82.0,14.0,715.0,585.0,20.0,3.479750910000001,18.0,35.0,3.0,26.0,7.0,0.0,2.0,2.0,0.2999999999999999,0.36,2.76,24.0,Alejandro Grimaldo,107252.0,Alex Grimaldo,288406.0
3.0,Braga,889.0,54.0,15.0,109.0,0.0,570.0,475.0,1.0,0.9230325999999998,3.0,53.0,0.0,2.0,1.0,1.0,0.0,8.0,0.94,1.44,0.23,2.0,Vítor Tormena,363935.0,Vitor Tormena,866509.0
3.0,Casa-Pia,668.0,23.0,20.0,113.0,1.0,362.0,290.0,1.0,0.2702820499999998,2.0,26.0,0.0,2.0,0.0,0.0,0.0,2.0,0.12,0.16,0.06,0.0,João Nunes,444765.0,Joao Nunes,574658.0
3.0,Chaves,899.0,47.0,29.0,118.0,0.0,440.0,363.0,0.0,0.6400385099999999,0.0,24.0,0.0,0.0,0.0,0.0,0.0,2.0,0.5800000000000001,0.07,0.22,2.0,Nélson Monte,323355.0,Nelson Monte,534473.0
3.0,Estoril,810.0,28.0,31.0,104.0,1.0,453.0,397.0,1.0,0.4810739999999996,0.0,18.0,0.0,0.0,0.0,0.0,0.0,0.0,0.01,0.02,0.05,0.0,Bernardo Vital,421890.0,Bernardo Vital,1184043.0
3.0,Famalicao,0.0,0.0,0.0,0.0,0.0,0.0,0.0,0.0,0.0,0.0,0.0,0.0,0.0,0.0,0.0,0.0,0.0,0.0,0.0,0.0,0.0,,,Owen Beck,1107628.0
3.0,Gil-Vicente,900.0,79.0,38.0,109.0,1.0,651.0,562.0,1.0,1.4648484999999996,2.0,59.0,0.0,5.0,1.0,0.0,0.0,4.0,0.11,0.0,0.3799999999999998,5.0,Lucas Cunha,334129.0,Lucas Ferrugem,631754.0
3.0,Maritimo,364.0,12.0,12.0,66.0,0.0,162.0,127.0,0.0,0.1478345899999998,0.0,8.0,0.0,0.0,0.0,0.0,1.0,3.0,0.23,0.0,0.0,1.0,Moisés Mosquera,401126.0,Moises Mosquera,1187762.0
3.0,Pacos-de-Ferreira,555.0,41.0,2.0,69.0,0.0,348.0,308.0,0.0,0.5616570099999999,0.0,22.0,0.0,0.0,0.0,0.0,0.0,1.0,0.06,0.0,0.04,1.0,Nuno Lima,423078.0,Nuno Lima,1282423.0
3.0,Portimonense,260.0,15.0,13.0,35.0,4.0,122.0,93.0,6.0,0.4282100199999997,3.0,7.0,0.0,3.0,0.0,0.0,0.0,1.0,0.03,0.1,0.5,2.0,Zié Mohamed Ouattara,404051.0,Zie Ouattara,960049.0
3.0,Porto,540.0,40.0,11.0,98.0,2.0,398.0,329.0,2.0,0.7766357399999997,0.0,32.0,0.0,1.0,0.0,0.0,0.0,0.0,0.12,0.06,0.1399999999999998,1.0,Pepe,10105.0, Pepe,25921.0
3.0,Rio-Ave,463.0,18.0,20.0,49.0,0.0,296.0,240.0,4.0,0.4899474100000001,2.0,14.0,0.0,0.0,0.0,0.0,0.0,1.0,0.22,0.16,0.05,2.0,Miguel Nóbrega,444574.0,Miguel Nobrega,993805.0
3.0,Santa-Clara,74.0,13.0,3.0,6.0,0.0,46.0,34.0,0.0,0.7783315899999999,1.0,5.0,0.0,5.0,0.0,0.0,0.0,0.0,0.0,0.0,0.1,1.0,Xavier Quintillá,369884.0,Xavi Quintillà,522578.0
3.0,Sporting,245.0,21.0,29.0,27.0,3.0,277.0,259.0,4.0,0.7333303599999996,9.0,27.0,0.0,3.0,1.0,1.0,0.0,2.0,0.48,0.92,0.22,4.0,Jeremiah St. Juste,259929.0,Jerry St. Juste,611831.0
3.0,Vitoria-de-Guimaraes,720.0,32.0,16.0,78.0,0.0,363.0,305.0,0.0,0.5544912099999999,3.0,16.0,0.0,0.0,1.0,0.0,0.0,0.0,0.08,0.0,0.37,2.0,Mikel Villanueva,318502.0,Mikel Villanueva,423663.0
3.0,Vizela,489.0,19.0,6.0,76.0,0.0,199.0,140.0,0.0,0.2415305399999999,1.0,10.0,0.0,0.0,0.0,0.0,0.0,1.0,0.1699999999999999,0.16,0.0,0.0,Bruno Wilson,331637.0,Bruno Wilson,540414.0
4.0,Boavista,90.0,2.0,1.0,17.0,0.0,69.0,61.0,0.0,0.0888658899999999,0.0,1.0,0.0,0.0,0.0,0.0,0.0,1.0,0.03,0.0,0.01,0.0,Robson Reis,417656.0,Robson Reis,1252914.0
4.0,Braga,624.0,32.0,22.0,94.0,4.0,438.0,380.0,6.0,0.6059354899999998,2.0,18.0,0.0,1.0,1.0,1.0,0.0,1.0,0.12,0.37,0.1,2.0,Sikou Niakaté,422882.0,Sikou Niakaté,821312.0
4.0,Casa-Pia,138.0,5.0,4.0,19.0,0.0,59.0,49.0,0.0,0.0826776399999998,0.0,4.0,0.0,0.0,0.0,1.0,0.0,1.0,0.28,0.61,0.0,1.0,Léo Bolgado,447000.0,Leonardo Bolgado,1286294.0
4.0,Estoril,98.0,5.0,6.0,6.0,0.0,65.0,58.0,0.0,0.04481855,0.0,5.0,0.0,0.0,0.0,0.0,0.0,0.0,0.0,0.0,0.01,0.0,Lucas Áfrico,361912.0,Lucas Africo,953960.0
4.0,Famalicao,720.0,25.0,13.0,68.0,4.0,385.0,335.0,4.0,0.39182633,1.0,12.0,0.0,1.0,0.0,0.0,0.0,4.0,0.2,0.0,0.03,1.0,Enea Mihaj,363299.0,Enea Mihaj,784876.0
4.0,Gil-Vicente,0.0,0.0,0.0,0.0,0.0,0.0,0.0,0.0,0.0,0.0,0.0,0.0,0.0,0.0,0.0,0.0,0.0,0.0,0.0,0.0,0.0,,,Manuel Lopes,1079294.0
4.0,Maritimo,468.0,7.0,13.0,64.0,1.0,214.0,175.0,3.0,0.1666019799999996,1.0,6.0,0.0,0.0,0.0,0.0,0.0,0.0,0.03,0.14,0.01,2.0,Matheus Costa,422005.0,Matheus Costa,816256.0
4.0,Pacos-de-Ferreira,180.0,6.0,8.0,19.0,0.0,99.0,86.0,0.0,0.1551306599999999,1.0,7.0,0.0,0.0,0.0,0.0,0.0,1.0,0.35,0.0,0.01,0.0,Pedro Ganchas,433139.0,Pedro Ganchas,1185327.0
4.0,Portimonense,360.0,37.0,12.0,62.0,3.0,251.0,191.0,5.0,0.5492803599999997,3.0,21.0,0.0,2.0,1.0,0.0,0.0,0.0,0.08,0.24,0.15,1.0,Willyan,380545.0, Willyan,866406.0
4.0,Porto,540.0,27.0,11.0,54.0,0.0,326.0,268.0,0.0,0.48913702,0.0,24.0,0.0,1.0,0.0,0.0,0.0,4.0,0.91,0.07,0.06,0.0,David Carmo,374812.0,David Carmo,954962.0
4.0,Rio-Ave,219.0,10.0,11.0,20.0,1.0,125.0,109.0,1.0,0.3945377099999999,2.0,4.0,0.0,1.0,1.0,0.0,0.0,1.0,0.11,0.0,0.42,1.0,Patrick William,356232.0, Patrick,934713.0
4.0,Santa-Clara,810.0,24.0,10.0,101.0,1.0,406.0,324.0,2.0,0.3996037799999999,0.0,16.0,0.0,0.0,0.0,0.0,0.0,3.0,0.75,0.49,0.05,0.0,Kennedy Boateng,422199.0,Kennedy Boateng,793670.0
4.0,Sporting,700.0,42.0,23.0,85.0,1.0,539.0,484.0,3.0,0.96161182,0.0,37.0,0.0,2.0,0.0,0.0,0.0,3.0,0.3399999999999999,0.03,0.37,1.0,Sebastián Coates,71268.0,Sebastián Coates,165526.0
4.0,Vizela,495.0,11.0,0.0,49.0,1.0,110.0,79.0,1.0,0.1342155199999999,0.0,7.0,0.0,0.0,0.0,0.0,0.0,3.0,0.5800000000000001,0.2,0.02,1.0,Ivanildo Fernandes,362492.0,Ivanildo Fernandes,668699.0
5.0,Arouca,694.0,47.0,16.0,73.0,5.0,415.0,329.0,7.0,0.7388157599999998,3.0,26.0,0.0,5.0,1.0,0.0,2.0,3.0,0.06,0.0,0.3999999999999998,5.0,David Simão,36712.0,David Simao,115512.0
5.0,Benfica,1.0,0.0,0.0,0.0,0.0,3.0,3.0,0.0,-0.00260739,0.0,0.0,0.0,0.0,0.0,0.0,0.0,0.0,0.0,0.0,0.0,0.0,Jan Vertonghen,21778.0,Jan Vertonghen,37762.0
5.0,Casa-Pia,900.0,54.0,45.0,122.0,9.0,494.0,383.0,21.0,1.57223166,21.0,31.0,3.0,6.0,0.0,1.0,2.0,6.0,1.95,2.09,1.13,4.0,Leonardo Lelo,444766.0,Leonardo Lelo,1281236.0
5.0,Chaves,754.0,70.0,35.0,116.0,14.0,420.0,286.0,26.0,1.19983688,14.0,28.0,0.0,10.0,1.0,0.0,0.0,2.0,0.1,0.0,0.43,8.0,Bruno Langa,390741.0,Bruno Langa,1125477.0
5.0,Estoril,9.0,0.0,0.0,3.0,0.0,3.0,3.0,0.0,0.00206304,0.0,0.0,0.0,0.0,0.0,0.0,0.0,0.0,0.0,0.0,0.0,0.0,Volnei Feltes,429092.0, Volnei,1184041.0
5.0,Famalicao,768.0,62.0,19.0,113.0,1.0,437.0,319.0,5.0,1.87183903,13.0,41.0,0.0,11.0,3.0,0.0,0.0,1.0,0.03,0.2,0.8,7.0,Rúben Lima,136435.0,Ruben Lima,164472.0
5.0,Gil-Vicente,135.0,7.0,1.0,11.0,1.0,60.0,36.0,4.0,0.0917523599999999,0.0,4.0,0.0,0.0,0.0,0.0,0.0,1.0,0.36,0.0,0.01,0.0,Emmanuel Hackman,298403.0,Emmanuel Hackman,687289.0
5.0,Maritimo,371.0,17.0,8.0,48.0,2.0,183.0,147.0,2.0,0.3720753999999998,0.0,10.0,0.0,0.0,0.0,0.0,0.0,1.0,0.1,0.0,0.0,0.0,Zainadine Júnior,137058.0,Zainadine Junior,191972.0
5.0,Pacos-de-Ferreira,890.0,88.0,42.0,100.0,12.0,668.0,481.0,21.0,2.22240328,16.0,54.0,2.0,14.0,3.0,0.0,2.0,9.0,0.4399999999999999,1.09,0.95,14.0,Antunes,23621.0, Antunes,45244.0
5.0,Porto,341.0,14.0,5.0,47.0,2.0,212.0,190.0,2.0,0.3859800299999998,1.0,10.0,0.0,1.0,1.0,2.0,0.0,0.0,0.73,1.03,0.08,1.0,Iván Marcano,28521.0,Ivan Marcano,80497.0
5.0,Santa-Clara,0.0,0.0,0.0,0.0,0.0,0.0,0.0,0.0,0.0,0.0,0.0,0.0,0.0,0.0,0.0,0.0,0.0,0.0,0.0,0.0,0.0,,,Joao Afonso,568911.0
5.0,Sporting,672.0,26.0,20.0,68.0,3.0,356.0,314.0,11.0,0.8094162199999995,6.0,36.0,2.0,7.0,1.0,2.0,1.0,7.0,2.17,2.38,0.5599999999999999,3.0,Hidemasa Morita,409279.0,Hidemasa Morita,915102.0
5.0,Vitoria-de-Guimaraes,397.0,22.0,20.0,52.0,4.0,236.0,180.0,7.0,0.4029151999999998,4.0,21.0,2.0,5.0,0.0,0.0,0.0,1.0,0.03,0.0,0.11,1.0,Hélder Sá,412912.0,Helder Sa,1243934.0
5.0,Vizela,900.0,20.0,4.0,117.0,2.0,271.0,193.0,2.0,0.5021020799999997,0.0,12.0,0.0,1.0,0.0,2.0,0.0,3.0,0.8,0.36,0.24,1.0,Anderson,416912.0, Anderson,1130889.0
6.0,Arouca,837.0,78.0,38.0,103.0,7.0,468.0,337.0,25.0,1.2920303799999997,12.0,39.0,1.0,9.0,0.0,1.0,0.0,2.0,0.0799999999999998,0.54,0.1199999999999999,3.0,Mateus Quaresma,416502.0, Quaresma,1195556.0
6.0,Benfica,449.0,45.0,40.0,73.0,0.0,414.0,324.0,6.0,1.47702846,15.0,37.0,2.0,10.0,3.0,0.0,3.0,2.0,0.03,0.2,0.6799999999999999,7.0,Alexander Bah,401520.0,Alexander Bah,734287.0
6.0,Boavista,37.0,1.0,1.0,6.0,0.0,25.0,22.0,0.0,0.0071282899999997,0.0,3.0,0.0,0.0,0.0,0.0,0.0,1.0,0.01,0.0,0.01,1.0,Ibrahima Camará,370018.0, Ibrahima,955790.0
6.0,Braga,870.0,111.0,40.0,101.0,5.0,667.0,504.0,11.0,3.206258890000001,16.0,48.0,0.0,25.0,5.0,1.0,1.0,3.0,0.19,0.21,1.56,19.0,Nuno Sequeira,140118.0,Nuno Sequeira,191793.0
6.0,Casa-Pia,8.0,2.0,3.0,2.0,0.0,8.0,6.0,1.0,0.0599675799999999,1.0,1.0,0.0,1.0,0.0,0.0,0.0,0.0,0.0,0.0,0.02,0.0,Derick Poloni,446997.0,Derick Poloni,866420.0
6.0,Chaves,373.0,11.0,10.0,55.0,6.0,131.0,112.0,7.0,0.3750243699999999,3.0,12.0,0.0,2.0,1.0,0.0,2.0,2.0,0.18,0.02,0.37,7.0,Kevin Pina,438902.0,Kevin Pina,890503.0
6.0,Famalicao,540.0,40.0,8.0,66.0,2.0,297.0,236.0,3.0,0.6712491199999998,1.0,25.0,0.0,5.0,1.0,0.0,1.0,0.0,0.01,0.0,0.11,4.0,Alexandre Penetra,422248.0,Alexandre Penetra,1186780.0
6.0,Maritimo,163.0,10.0,7.0,29.0,1.0,92.0,69.0,2.0,0.6681709599999999,0.0,5.0,0.0,3.0,0.0,0.0,0.0,2.0,0.0699999999999999,0.0,0.27,2.0,Rafael Brito,433586.0,Rafael Brito,1080681.0
6.0,Pacos-de-Ferreira,363.0,9.0,14.0,45.0,7.0,231.0,193.0,12.0,0.0884282599999996,3.0,17.0,1.0,0.0,0.0,0.0,0.0,2.0,0.3099999999999999,0.05,0.06,3.0,Jordan Holsgrove,408941.0,Jordan Holsgrove,877568.0
6.0,Portimonense,317.0,7.0,5.0,37.0,0.0,134.0,113.0,1.0,0.4828968699999998,0.0,6.0,0.0,2.0,1.0,0.0,0.0,0.0,0.0,0.0,0.25,1.0,Henrique Jocú,422208.0,Henrique Jocu,1187277.0
6.0,Rio-Ave,800.0,32.0,39.0,73.0,8.0,395.0,322.0,12.0,2.1628959000000005,25.0,41.0,2.0,19.0,5.0,2.0,0.0,7.0,0.6400000000000001,1.3,0.8099999999999999,14.0,Guga,380617.0, Guga,767713.0
6.0,Sporting,67.0,2.0,2.0,15.0,1.0,29.0,19.0,5.0,0.06644269,2.0,1.0,0.0,0.0,0.0,0.0,0.0,1.0,0.17,0.0,0.03,1.0,Sotirios Alexandropoulos,418175.0,Sotiris Alexandropoulos,1093025.0
6.0,Vitoria-de-Guimaraes,0.0,0.0,0.0,0.0,0.0,0.0,0.0,0.0,0.0,0.0,0.0,0.0,0.0,0.0,0.0,0.0,0.0,0.0,0.0,0.0,0.0,,,Abdul Mumin,776591.0
6.0,Vizela,228.0,15.0,2.0,29.0,2.0,118.0,103.0,3.0,0.4543883599999997,0.0,18.0,0.0,3.0,0.0,0.0,0.0,2.0,0.14,0.38,0.07,0.0,Claudemir,36137.0, Claudemir,114688.0
7.0,Arouca,801.0,12.0,43.0,81.0,17.0,200.0,149.0,43.0,0.6465849599999999,20.0,8.0,5.0,6.0,1.0,2.0,0.0,12.0,0.85,1.5499999999999998,0.5199999999999999,4.0,André Bukia,298402.0,Andre Bukia,687288.0
7.0,Benfica,576.0,31.0,58.0,32.0,21.0,336.0,252.0,39.0,2.77221387,20.0,15.0,11.0,21.0,1.0,3.0,1.0,10.0,0.98,1.9,2.13,12.0,David Neres,326505.0,David Neres,793066.0
7.0,Boavista,643.0,30.0,78.0,47.0,23.0,206.0,150.0,62.0,2.0533645600000003,36.0,20.0,13.0,15.0,5.0,0.0,2.0,6.0,1.5799999999999998,0.4499999999999999,1.01,13.0,Kenji Gorré,280768.0,Kenji Gorré,643232.0
7.0,Braga,87.0,1.0,10.0,13.0,0.0,25.0,19.0,1.0,0.4258073599999998,3.0,2.0,4.0,1.0,0.0,1.0,0.0,1.0,0.24,0.7999999999999999,0.27,0.0,Rodrigo Gomes,402823.0,Rodrigo Gomes,1192166.0
7.0,Casa-Pia,850.0,15.0,73.0,58.0,15.0,218.0,139.0,44.0,2.22527899,22.0,2.0,18.0,18.0,6.0,2.0,1.0,14.0,1.56,3.36,1.38,14.0,Saviour Godwin,444768.0,Saviour Godwin,643712.0
7.0,Chaves,72.0,2.0,2.0,10.0,0.0,33.0,22.0,4.0,0.0018532599999997,0.0,1.0,0.0,0.0,0.0,0.0,0.0,0.0,0.0,0.0,0.05,2.0,Luther Singh,294243.0,Luther Singh,672084.0
7.0,Estoril,574.0,10.0,42.0,40.0,6.0,136.0,95.0,15.0,0.7942420400000001,9.0,7.0,10.0,5.0,0.0,2.0,0.0,13.0,2.08,2.13,0.55,6.0,Rodrigo Martins,444630.0,Rodrigo Martins,955822.0
7.0,Famalicao,523.0,27.0,26.0,60.0,9.0,226.0,165.0,21.0,1.66267077,9.0,23.0,2.0,11.0,0.0,1.0,2.0,6.0,0.37,0.98,0.91,7.0,Ivo Rodrigues,119622.0,Ivo Rodrigues,388532.0
7.0,Gil-Vicente,152.0,1.0,5.0,7.0,5.0,27.0,18.0,9.0,0.11736814,2.0,3.0,2.0,1.0,1.0,0.0,0.0,6.0,0.5399999999999999,0.62,0.12,2.0,Bilel Aouacheria,345380.0,Bilel Aouacheria,566403.0
7.0,Maritimo,800.0,20.0,51.0,68.0,12.0,194.0,134.0,36.0,1.7980663599999998,16.0,8.0,5.0,9.0,1.0,2.0,0.0,7.0,1.27,1.6800000000000002,0.66,5.0,André Vidigal,361831.0,André Vidigal,819916.0
7.0,Pacos-de-Ferreira,649.0,13.0,29.0,39.0,12.0,184.0,112.0,32.0,1.36410351,9.0,4.0,2.0,5.0,0.0,1.0,0.0,10.0,0.6900000000000001,1.37,0.6900000000000001,5.0,Nigel Thomas,444941.0,Nigel Thomas,1012783.0
7.0,Porto,181.0,4.0,22.0,15.0,3.0,67.0,50.0,8.0,0.59101986,4.0,4.0,2.0,5.0,0.0,0.0,0.0,5.0,0.93,1.33,0.51,2.0,Gabriel Veron,388685.0,Gabriel Veron,1106898.0
7.0,Santa-Clara,488.0,22.0,36.0,52.0,9.0,226.0,153.0,26.0,1.4163097399999998,15.0,16.0,3.0,8.0,3.0,1.0,0.0,2.0,1.07,1.11,0.79,6.0,Allano,281935.0, Allano,646517.0
7.0,Vitoria-de-Guimaraes,720.0,29.0,50.0,47.0,12.0,246.0,169.0,36.0,1.95971664,17.0,20.0,12.0,19.0,4.0,1.0,1.0,9.0,1.72,1.5299999999999998,1.75,17.0,Ruben Lameiras,276037.0,Ruben Lameiras,627599.0
7.0,Vizela,148.0,10.0,5.0,25.0,0.0,76.0,54.0,1.0,0.12626788,0.0,6.0,0.0,1.0,0.0,0.0,0.0,0.0,0.0,0.0,0.03,0.0,Carlos Isaac,355152.0,Carlos Munoz,923762.0
8.0,Arouca,495.0,13.0,12.0,38.0,2.0,170.0,119.0,10.0,0.6384725099999997,2.0,7.0,2.0,5.0,3.0,0.0,1.0,1.0,0.26,0.13,0.2299999999999999,6.0,Arsénio,96271.0, Arsénio,242904.0
8.0,Benfica,320.0,20.0,14.0,37.0,2.0,302.0,272.0,4.0,0.4825308399999997,4.0,46.0,1.0,1.0,1.0,0.0,0.0,3.0,0.13,0.13,0.17,2.0,Fredrik Aursnes,303544.0,Fredrik Aursnes,310768.0
8.0,Boavista,559.0,8.0,12.0,31.0,8.0,170.0,125.0,19.0,0.1387997399999996,5.0,10.0,1.0,2.0,0.0,2.0,0.0,8.0,1.6999999999999995,1.58,0.3699999999999999,5.0,Bruno Lourenço,374830.0,Bruno Lourenco,1052464.0
8.0,Braga,644.0,39.0,13.0,110.0,1.0,381.0,321.0,2.0,0.8843880399999998,4.0,43.0,0.0,3.0,1.0,2.0,0.0,3.0,0.3299999999999999,0.55,0.45,4.0,Al Musrati,381792.0,Al Musrati,649945.0
8.0,Casa-Pia,479.0,25.0,12.0,69.0,5.0,238.0,193.0,7.0,0.97320667,5.0,23.0,2.0,6.0,2.0,1.0,0.0,2.0,0.36,0.97,0.27,6.0,Ângelo Neto,322631.0,Angelo Neto,304615.0
8.0,Chaves,664.0,35.0,35.0,45.0,11.0,245.0,192.0,20.0,1.1619811899999994,13.0,36.0,2.0,7.0,3.0,2.0,0.0,9.0,1.91,1.94,0.6199999999999999,9.0,João Mendes,362386.0,Joao Mendes,874318.0
8.0,Estoril,99.0,4.0,5.0,10.0,2.0,44.0,27.0,2.0,0.1372836199999998,2.0,3.0,1.0,0.0,0.0,0.0,0.0,2.0,0.09,0.0,0.03,0.0,Serginho,444632.0,Sergio Andrade,1393478.0
8.0,Famalicao,149.0,3.0,6.0,21.0,0.0,81.0,65.0,1.0,0.1331021999999999,3.0,9.0,0.0,0.0,0.0,0.0,0.0,0.0,0.43,1.22,0.04,1.0,Andre Simoes,57579.0,Andre Simoes,97509.0
8.0,Gil-Vicente,162.0,3.0,4.0,19.0,0.0,73.0,50.0,1.0,0.0313282499999999,2.0,6.0,0.0,0.0,0.0,0.0,0.0,1.0,0.11,0.0,0.03,1.0,Giorgi Aburjania,144360.0,Giorgi Aburjania,463963.0
8.0,Maritimo,124.0,4.0,2.0,13.0,2.0,49.0,39.0,2.0,0.2882750999999998,3.0,5.0,0.0,2.0,2.0,0.0,0.0,1.0,0.01,0.0,0.21,2.0,Joel Soñora,280951.0,Joel Sonora,643612.0
8.0,Pacos-de-Ferreira,239.0,8.0,9.0,37.0,4.0,118.0,108.0,4.0,0.0721822199999996,4.0,12.0,0.0,0.0,0.0,0.0,0.0,0.0,0.01,0.0,0.05,1.0,Abbas Ibrahim,401257.0,Abbas Ibrahim,1079264.0
8.0,Portimonense,516.0,8.0,8.0,54.0,2.0,188.0,149.0,7.0,0.2925026699999998,5.0,16.0,0.0,3.0,0.0,1.0,1.0,5.0,0.96,0.83,0.35999999999999993,4.0,Ewerton,342697.0, Ewerton,331762.0
8.0,Porto,832.0,60.0,20.0,143.0,1.0,548.0,456.0,5.0,1.77843893,10.0,65.0,1.0,13.0,2.0,1.0,0.0,6.0,1.75,1.2,0.5099999999999998,8.0,Mateus Uribe,114301.0,Mateus Uribe,320618.0
8.0,Rio-Ave,268.0,15.0,4.0,34.0,2.0,203.0,171.0,3.0,0.43573772,1.0,25.0,0.0,2.0,1.0,0.0,0.0,1.0,0.05,0.34,0.24,2.0,Vítor Gomes,121776.0,Vitor Gomes,112397.0
8.0,Santa-Clara,452.0,16.0,8.0,49.0,5.0,178.0,129.0,8.0,0.2210807899999999,3.0,12.0,1.0,2.0,0.0,0.0,0.0,2.0,0.17,0.12,0.1099999999999998,4.0,Anderson Carvalho,101748.0,Anderson Carvalho,265799.0
8.0,Sporting,180.0,5.0,6.0,16.0,6.0,99.0,88.0,9.0,0.0310496699999999,4.0,8.0,0.0,3.0,1.0,1.0,1.0,0.0,0.04,0.21,0.18,3.0,Matheus Nunes,394933.0,Matheus Luiz,955529.0
8.0,Vizela,656.0,51.0,16.0,80.0,2.0,361.0,280.0,8.0,0.93836926,3.0,34.0,1.0,8.0,2.0,1.0,3.0,3.0,0.6699999999999999,0.5700000000000001,0.45,8.0,Raphael Guzzo,143050.0,Raphael Guzzo,500934.0
9.0,Arouca,65.0,0.0,2.0,5.0,1.0,21.0,12.0,5.0,-0.0135374899999999,2.0,1.0,1.0,0.0,0.0,0.0,0.0,2.0,0.22,0.0,0.01,1.0,Bruno Marques,406253.0,Bruno Marques,1206580.0
9.0,Benfica,48.0,1.0,2.0,0.0,0.0,16.0,13.0,0.0,0.0227643199999999,2.0,0.0,0.0,1.0,1.0,0.0,0.0,0.0,0.14,0.0,0.08,2.0,Roman Yaremchuk,281025.0,Roman Yaremchuk,643690.0
9.0,Boavista,390.0,1.0,2.0,14.0,2.0,66.0,50.0,6.0,-0.1122479299999996,1.0,0.0,1.0,0.0,1.0,1.0,0.0,9.0,0.92,0.9,0.07,3.0,Róbert Bozeník,376967.0,Robert Bozenik,922622.0
9.0,Braga,374.0,5.0,30.0,15.0,4.0,108.0,89.0,9.0,0.8674753900000002,7.0,0.0,10.0,5.0,3.0,2.0,2.0,13.0,2.13,2.43,0.7300000000000001,6.0,Abel Ruiz,372828.0,Abel Ruiz,748380.0
9.0,Chaves,46.0,0.0,2.0,2.0,1.0,18.0,8.0,3.0,0.1563667100000001,1.0,0.0,0.0,0.0,1.0,0.0,0.0,2.0,0.05,0.0,0.1,1.0,Patrick,365689.0, Patrick,942993.0
9.0,Estoril,79.0,0.0,1.0,5.0,0.0,16.0,10.0,0.0,0.0841040999999997,1.0,1.0,0.0,0.0,0.0,0.0,0.0,1.0,0.09,0.0,0.01,1.0,Alejandro Marqués,411017.0,Alejandro Marques,929835.0
9.0,Famalicao,679.0,4.0,16.0,26.0,7.0,151.0,111.0,15.0,0.28187059,5.0,4.0,5.0,6.0,3.0,0.0,0.0,2.0,2.12,4.0200000000000005,0.7300000000000002,11.0,Álex Millán,408370.0,Álex Millán,1093297.0
9.0,Gil-Vicente,877.0,4.0,14.0,20.0,6.0,128.0,92.0,10.0,0.4472384799999999,7.0,5.0,4.0,2.0,1.0,6.0,1.0,22.0,6.209999999999999,7.62,0.56,6.0,Fran Navarro,369398.0, Fran,671855.0
9.0,Maritimo,103.0,2.0,6.0,2.0,3.0,31.0,22.0,5.0,0.1472380099999998,1.0,0.0,1.0,2.0,0.0,0.0,0.0,0.0,0.05,0.0,0.06,4.0,Pablo Moreno,371582.0,Pablo Moreno,1031050.0
9.0,Pacos-de-Ferreira,551.0,11.0,34.0,38.0,4.0,136.0,108.0,12.0,1.0164651099999995,11.0,7.0,0.0,7.0,3.0,0.0,0.0,1.0,0.4,0.77,1.24,8.0,Uilton,380685.0,Ze Uilton,952234.0
9.0,Porto,842.0,19.0,48.0,42.0,14.0,250.0,178.0,31.0,1.61734848,14.0,20.0,12.0,11.0,7.0,5.0,4.0,16.0,3.890000000000001,5.73,1.84,18.0,Mehdi Taremi,358801.0,Mehdi Taremi,619506.0
9.0,Rio-Ave,111.0,0.0,0.0,3.0,2.0,32.0,25.0,4.0,-0.0787811399999998,0.0,1.0,0.0,0.0,0.0,1.0,0.0,2.0,0.41,0.96,0.0,0.0,Leonardo Ruiz,342704.0,Leonardo Ruiz,643447.0
9.0,Santa-Clara,527.0,0.0,6.0,11.0,2.0,69.0,39.0,6.0,-0.32850984,4.0,2.0,0.0,1.0,0.0,1.0,1.0,4.0,1.16,1.19,0.13,4.0,Kyosuke Tagawa,431984.0,Kyosuke Tagawa,802134.0
9.0,Vitoria-de-Guimaraes,120.0,1.0,2.0,8.0,0.0,41.0,16.0,2.0,0.2859261999999999,1.0,1.0,0.0,0.0,0.0,0.0,0.0,5.0,0.59,0.27,0.0,1.0,Safira,383185.0,Alisson Safira,793924.0
9.0,Vizela,378.0,2.0,11.0,14.0,2.0,74.0,46.0,7.0,-0.0452963999999997,1.0,1.0,3.0,3.0,2.0,1.0,0.0,9.0,1.96,1.19,0.1699999999999999,3.0,Milutin Osmajic,422766.0,Milutin Osmajic,936603.0
10.0,Arouca,817.0,34.0,25.0,66.0,10.0,384.0,291.0,18.0,1.5694660700000005,12.0,38.0,0.0,11.0,1.0,0.0,0.0,6.0,0.64,0.46,0.7000000000000002,11.0,Alan Ruiz,125452.0,Alan Ruiz,263707.0
10.0,Braga,663.0,49.0,52.0,64.0,5.0,512.0,432.0,12.0,2.69948772,22.0,51.0,2.0,19.0,5.0,0.0,1.0,7.0,0.3999999999999999,0.49,1.49,15.0,André Horta,322689.0,Andre Horta,605507.0
10.0,Casa-Pia,54.0,0.0,2.0,4.0,0.0,14.0,9.0,0.0,0.24615955,1.0,0.0,1.0,0.0,0.0,0.0,0.0,0.0,0.04,0.06,0.33,0.0,Diogo Pinto,444769.0,Diogo Pinto,1080682.0
10.0,Chaves,782.0,51.0,36.0,80.0,11.0,400.0,306.0,18.0,2.76210033,14.0,43.0,3.0,22.0,8.0,1.0,3.0,12.0,1.8800000000000003,1.24,1.32,27.0,João Teixeira,255627.0,Joao Teixeira,488140.0
10.0,Estoril,725.0,33.0,30.0,79.0,13.0,343.0,247.0,31.0,0.91177511,14.0,36.0,1.0,7.0,1.0,1.0,1.0,7.0,2.37,2.8200000000000003,0.4399999999999999,9.0,Francisco Geraldes,142746.0,Chico Geraldes,522640.0
10.0,Famalicao,0.0,0.0,0.0,0.0,0.0,0.0,0.0,0.0,0.0,0.0,0.0,0.0,0.0,0.0,0.0,0.0,0.0,0.0,0.0,0.0,0.0,,,Ivan Jaime,1009832.0
10.0,Gil-Vicente,836.0,28.0,37.0,57.0,3.0,379.0,308.0,8.0,1.6573597799999995,9.0,34.0,3.0,11.0,4.0,0.0,2.0,3.0,0.23,0.1,1.9,19.0,Kanya Fujimoto,402797.0,Kanya Fujimoto,924315.0
10.0,Maritimo,564.0,14.0,19.0,51.0,12.0,206.0,148.0,20.0,0.8911078999999997,11.0,14.0,3.0,4.0,3.0,0.0,0.0,5.0,0.2899999999999999,0.26,0.33,14.0,Stefano Beltrame,123359.0,Stefano Beltrame,421148.0
10.0,Pacos-de-Ferreira,239.0,7.0,11.0,15.0,3.0,88.0,52.0,9.0,0.6575254100000001,7.0,6.0,1.0,6.0,0.0,1.0,0.0,3.0,0.53,0.85,0.49,2.0,Nicolás Gaitán,70735.0,Nicolás Gaitán,164031.0
10.0,Portimonense,0.0,0.0,0.0,0.0,0.0,0.0,0.0,0.0,0.0,0.0,0.0,0.0,0.0,0.0,0.0,0.0,0.0,0.0,0.0,0.0,0.0,,,Yong-Hak Kim,1388929.0
10.0,Rio-Ave,391.0,13.0,8.0,33.0,2.0,206.0,186.0,2.0,0.0564763199999999,3.0,18.0,0.0,0.0,0.0,0.0,0.0,0.0,0.0,0.0,0.09,3.0,Amine Oudrhiri,149468.0,Amine Oudrhiri Idrissi,492157.0
10.0,Santa-Clara,680.0,20.0,28.0,59.0,9.0,203.0,149.0,29.0,0.69568227,11.0,16.0,2.0,10.0,0.0,0.0,1.0,2.0,0.1699999999999999,0.28,0.6600000000000001,10.0,Ricardinho,422200.0, Ricardinho,1195451.0
10.0,Sporting,667.0,22.0,67.0,28.0,18.0,266.0,199.0,41.0,2.3538077,33.0,13.0,18.0,18.0,4.0,3.0,2.0,11.0,2.77,2.91,1.11,20.0,Marcus Edwards,279177.0,Marcus Edwards,637744.0
10.0,Vitoria-de-Guimaraes,817.0,56.0,17.0,84.0,9.0,477.0,363.0,15.0,2.2420009,5.0,49.0,1.0,17.0,3.0,1.0,1.0,5.0,1.21,0.99,1.42,13.0,Tiago Silva,135638.0,Tiago Silva,422812.0
10.0,Vizela,857.0,16.0,44.0,44.0,9.0,241.0,178.0,24.0,1.67735536,20.0,15.0,10.0,8.0,8.0,0.0,0.0,2.0,0.14,0.53,0.55,5.0,Kiko Bondoso,421843.0,Kiko Bondoso,1150871.0
11.0,Arouca,510.0,10.0,31.0,65.0,13.0,150.0,107.0,25.0,1.4963861099999998,12.0,4.0,5.0,6.0,4.0,2.0,0.0,11.0,2.2299999999999995,1.5499999999999998,0.6900000000000001,8.0,Antony,428999.0, Antony,1248736.0
11.0,Boavista,341.0,3.0,8.0,17.0,5.0,69.0,56.0,8.0,0.4814504699999998,4.0,8.0,4.0,2.0,1.0,2.0,1.0,7.0,2.1,1.24,0.17,7.0,Yusupha Njie,342705.0,Yusupha Njie,618933.0
11.0,Casa-Pia,498.0,5.0,5.0,33.0,2.0,120.0,78.0,2.0,0.2198169799999998,1.0,8.0,1.0,1.0,1.0,1.0,1.0,6.0,0.8900000000000001,1.03,0.1599999999999998,5.0,Rafael Martins,135347.0,Rafael Martins,211118.0
11.0,Chaves,329.0,15.0,25.0,19.0,5.0,89.0,63.0,11.0,0.9742488699999998,8.0,8.0,3.0,6.0,5.0,1.0,1.0,0.0,0.43,0.54,0.8,13.0,Batxi,438898.0,Joao Batxi,1108837.0
11.0,Estoril,277.0,7.0,14.0,15.0,5.0,71.0,48.0,9.0,0.2948304899999999,2.0,5.0,3.0,3.0,0.0,1.0,1.0,0.0,1.43,2.01,0.46,2.0,Arthur Gomes,329403.0, Arthur,689051.0
11.0,Famalicao,305.0,14.0,16.0,29.0,4.0,105.0,80.0,16.0,0.5373892799999999,8.0,9.0,2.0,7.0,1.0,0.0,0.0,4.0,0.1999999999999999,0.0,0.2499999999999999,4.0,Pedro Brazão,373108.0,Pedro Brazao,1042074.0
11.0,Gil-Vicente,33.0,5.0,5.0,4.0,1.0,23.0,16.0,1.0,0.2758046199999999,0.0,2.0,0.0,2.0,0.0,0.0,0.0,1.0,0.06,0.0,0.2,0.0,Boubacar Hanne,402167.0,Boubacar Hanne,979306.0
11.0,Maritimo,102.0,1.0,4.0,5.0,1.0,24.0,17.0,5.0,0.2866019600000001,1.0,0.0,0.0,0.0,0.0,0.0,0.0,2.0,0.75,0.72,0.22,0.0,Jesús Ramírez,444682.0,Jesus Ramirez,1075457.0
11.0,Pacos-de-Ferreira,263.0,3.0,14.0,23.0,1.0,58.0,45.0,11.0,0.31977128,4.0,3.0,8.0,0.0,0.0,0.0,0.0,4.0,0.46,0.81,0.0999999999999999,3.0,Kayky,416803.0, Kayky,1244631.0
11.0,Portimonense,133.0,2.0,9.0,13.0,6.0,50.0,42.0,9.0,0.0271138699999999,5.0,4.0,0.0,0.0,0.0,0.0,0.0,1.0,0.12000000000000001,0.02,0.04,3.0,Anderson Oliveira,383619.0,Anderson Oliveira,1047931.0
11.0,Porto,872.0,45.0,69.0,124.0,19.0,412.0,312.0,50.0,2.2000457100000004,25.0,35.0,8.0,19.0,5.0,2.0,2.0,9.0,1.34,1.46,1.42,18.0,Pepê Aquino,338791.0, Pepe,850356.0
11.0,Sporting,694.0,37.0,45.0,49.0,2.0,433.0,334.0,5.0,1.45741198,18.0,18.0,8.0,16.0,5.0,4.0,2.0,13.0,1.16,1.25,1.46,11.0,Nuno Santos,296364.0,Nuno Santos,554283.0
11.0,Vitoria-de-Guimaraes,404.0,15.0,24.0,40.0,6.0,139.0,80.0,22.0,0.9474708699999996,11.0,4.0,3.0,5.0,4.0,1.0,1.0,4.0,0.5099999999999999,1.81,0.39,7.0,Jota Silva,444826.0,Jota Silva,1114798.0
11.0,Vizela,180.0,6.0,5.0,17.0,1.0,48.0,27.0,3.0,0.0752777699999998,3.0,3.0,0.0,2.0,0.0,0.0,0.0,9.0,0.9300000000000002,1.16,0.09,5.0,Alexander Schmidt,320157.0,Alexander Schmidt,768375.0
12.0,Arouca,720.0,38.0,0.0,11.0,0.0,267.0,175.0,0.0,0.35473622,0.0,10.0,0.0,0.0,0.0,0.0,0.0,0.0,0.0,0.0,0.0,0.0,Ignacio De Arruabarrena,444506.0,,
12.0,Boavista,450.0,14.0,0.0,5.0,0.0,124.0,89.0,0.0,0.1238986199999997,0.0,4.0,0.0,0.0,0.0,0.0,0.0,0.0,0.0,0.0,0.0,0.0,César,101341.0,,
12.0,Braga,94.0,3.0,0.0,4.0,0.0,32.0,26.0,0.0,0.0059743799999999,0.0,0.0,0.0,0.0,0.0,0.0,0.0,0.0,0.0,0.0,0.0,0.0,Tiago Sá,143021.0,,
12.0,Chaves,146.0,6.0,4.0,19.0,0.0,84.0,68.0,5.0,0.0556293299999999,0.0,6.0,0.0,0.0,0.0,0.0,0.0,0.0,0.0,0.0,0.01,0.0,Sandro Cruz,437686.0,Sandro Cruz,1045565.0
12.0,Famalicao,237.0,11.0,11.0,29.0,0.0,122.0,100.0,2.0,-0.1007979600000001,3.0,10.0,0.0,0.0,0.0,1.0,0.0,1.0,0.02,0.2,0.06,1.0,Gustavo Assunção,372842.0,Gustavo Assuncao,1039551.0
12.0,Gil-Vicente,90.0,0.0,0.0,0.0,0.0,0.0,0.0,0.0,0.0,0.0,0.0,0.0,0.0,0.0,0.0,0.0,0.0,0.0,0.0,0.0,0.0,Brian Araújo,408589.0,,
12.0,Maritimo,308.0,26.0,11.0,31.0,1.0,164.0,89.0,3.0,1.22881874,6.0,19.0,0.0,7.0,0.0,0.0,0.0,6.0,0.37,0.3,0.52,5.0,Edgar Costa,121726.0,Edgar Costa,184590.0
12.0,Porto,530.0,48.0,29.0,50.0,2.0,335.0,258.0,7.0,2.18890383,12.0,13.0,2.0,14.0,2.0,0.0,0.0,1.0,0.18,0.56,1.16,7.0,Zaidu Sanusi,381717.0,Zaidu Sanusi,1079056.0
12.0,Santa-Clara,180.0,13.0,1.0,7.0,0.0,74.0,54.0,0.0,0.11170057,0.0,4.0,0.0,0.0,0.0,0.0,0.0,0.0,0.0,0.0,0.0,0.0,Gabriel Batista,337629.0,,
13.0,Arouca,990.0,40.0,17.0,152.0,7.0,523.0,441.0,9.0,0.75956693,2.0,22.0,0.0,0.0,0.0,1.0,1.0,2.0,1.09,0.99,0.04,1.0,João Basso,326486.0,Joao Basso,793033.0
13.0,Benfica,757.0,71.0,35.0,75.0,2.0,930.0,827.0,6.0,2.703131049999999,16.0,113.0,1.0,17.0,5.0,1.0,1.0,13.0,1.28,0.17,3.1700000000000004,17.0,Enzo Fernández,369430.0,Enzo Fernandez,1137705.0
13.0,Boavista,70.0,3.0,4.0,7.0,0.0,43.0,30.0,2.0,0.6323340199999999,1.0,2.0,0.0,2.0,0.0,0.0,0.0,0.0,0.0,0.0,0.48,3.0,Masaki Watai,446996.0,Masaki Watai,924305.0
13.0,Casa-Pia,888.0,30.0,16.0,96.0,1.0,453.0,391.0,2.0,0.4006178899999998,0.0,16.0,0.0,0.0,0.0,0.0,0.0,0.0,0.2299999999999999,0.64,0.1,0.0,Vasco Fernandes,120734.0,Vasco Fernandes,102626.0
13.0,Pacos-de-Ferreira,317.0,3.0,9.0,16.0,2.0,77.0,51.0,5.0,-0.0450334199999998,4.0,1.0,0.0,0.0,0.0,0.0,0.0,5.0,0.27,0.16,0.03,4.0,Arthur Sales,444942.0,Arthur Sales,1282075.0
13.0,Porto,417.0,13.0,54.0,47.0,12.0,159.0,112.0,29.0,1.87524638,19.0,9.0,18.0,9.0,0.0,3.0,1.0,11.0,4.17,3.99,0.8500000000000001,8.0,Galeno,347204.0,Wenderson Galeno,776972.0
13.0,Rio-Ave,98.0,13.0,7.0,7.0,1.0,56.0,47.0,1.0,0.2583381399999999,1.0,4.0,0.0,4.0,2.0,0.0,0.0,0.0,0.0,0.0,0.2399999999999999,3.0,João Ferreira,380681.0,Joao Ferreira,1072257.0
13.0,Santa-Clara,109.0,7.0,5.0,13.0,1.0,67.0,58.0,1.0,0.08788563,4.0,8.0,0.0,1.0,0.0,0.0,0.0,0.0,0.0,0.0,0.02,0.0,Diogo Calila,369083.0,Diogo Calila,1014983.0
13.0,Sporting,239.0,14.0,16.0,25.0,2.0,235.0,215.0,2.0,0.3025988499999999,1.0,17.0,0.0,0.0,0.0,0.0,0.0,1.0,0.01,0.0,0.04,0.0,Luís Neto,70953.0, Neto,164319.0
13.0,Vitoria-de-Guimaraes,882.0,38.0,38.0,106.0,2.0,410.0,354.0,4.0,0.4570232399999996,4.0,24.0,0.0,0.0,0.0,1.0,0.0,3.0,1.1,0.93,0.05,0.0,André Amaro,408432.0,Andre Amaro,1218555.0
14.0,Arouca,332.0,15.0,4.0,31.0,0.0,172.0,145.0,0.0,0.2055857399999998,3.0,11.0,0.0,1.0,0.0,0.0,0.0,0.0,0.07,0.0,0.0699999999999999,0.0,Oriol Busquets,347640.0,Oriol Busquets,873294.0
14.0,Braga,190.0,10.0,23.0,23.0,6.0,58.0,36.0,15.0,0.8975989799999998,4.0,6.0,7.0,4.0,4.0,0.0,3.0,5.0,0.3499999999999998,0.29,0.5,8.0,Álvaro Djaló,444806.0,Alvaro Djalo,1355668.0
14.0,Casa-Pia,705.0,37.0,21.0,57.0,5.0,288.0,197.0,13.0,1.81104473,5.0,23.0,1.0,17.0,2.0,1.0,2.0,4.0,0.92,0.66,1.5799999999999998,17.0,Takahiro Kunimoto,444767.0,Takahiro Kunimoto,648371.0
14.0,Chaves,21.0,2.0,0.0,8.0,0.0,7.0,5.0,0.0,0.0224256899999999,0.0,2.0,0.0,0.0,0.0,0.0,0.0,0.0,0.09,0.0,0.0,0.0,Sidy Sarr,381662.0,Sidy Sarr,643664.0
14.0,Famalicao,515.0,9.0,44.0,53.0,16.0,140.0,86.0,39.0,0.6484559299999997,16.0,5.0,5.0,5.0,2.0,1.0,0.0,5.0,1.22,0.8200000000000001,0.21,4.0,Junior Kadile,432217.0,Junior Kadile,1334534.0
14.0,Pacos-de-Ferreira,225.0,12.0,8.0,14.0,2.0,136.0,120.0,3.0,0.5561334199999998,3.0,14.0,0.0,4.0,1.0,0.0,0.0,4.0,0.16,0.11,0.1599999999999999,2.0,Bastien Toma,400544.0,Bastien Toma,861979.0
14.0,Portimonense,795.0,64.0,34.0,101.0,5.0,384.0,246.0,21.0,2.65468112,16.0,34.0,1.0,12.0,3.0,0.0,1.0,0.0,0.03,0.0,0.97,10.0,Moustapha Seck,297006.0,Moustapha Seck,662588.0
14.0,Porto,90.0,0.0,0.0,0.0,0.0,0.0,0.0,0.0,0.0,0.0,0.0,0.0,0.0,0.0,0.0,0.0,0.0,0.0,0.0,0.0,0.0,Cláudio Ramos,322683.0,,
14.0,Rio-Ave,416.0,11.0,18.0,28.0,7.0,123.0,96.0,16.0,0.3653266799999999,11.0,7.0,2.0,5.0,0.0,0.0,1.0,5.0,0.3,0.0,0.3299999999999999,2.0,Joca,315474.0, Joca,566470.0
14.0,Santa-Clara,14.0,0.0,0.0,5.0,0.0,10.0,8.0,0.0,-0.0015657,1.0,0.0,0.0,0.0,0.0,0.0,0.0,0.0,0.0,0.0,0.0,0.0,Rubén Oliveira,128801.0,Ruben Oliveira,439059.0
14.0,Vitoria-de-Guimaraes,900.0,60.0,1.0,24.0,0.0,329.0,215.0,0.0,0.4833240099999997,0.0,12.0,0.0,0.0,0.0,0.0,0.0,0.0,0.0,0.0,0.0,0.0,Bruno Varela,107158.0,,
14.0,Vizela,51.0,4.0,2.0,12.0,1.0,28.0,19.0,1.0,0.1183668199999999,1.0,6.0,0.0,1.0,0.0,0.0,0.0,0.0,0.0,0.0,0.01,0.0,Igor Julião,118380.0,Igor Juliao,363485.0
15.0,Arouca,141.0,0.0,4.0,9.0,0.0,43.0,24.0,0.0,0.31271776,1.0,0.0,3.0,0.0,0.0,2.0,0.0,5.0,0.68,1.23,0.06,0.0,Oday Dabbagh,423912.0,Oday Dabbagh,855623.0
15.0,Braga,191.0,7.0,1.0,24.0,0.0,113.0,99.0,0.0,0.09300094,0.0,5.0,0.0,0.0,0.0,0.0,0.0,0.0,0.0,0.0,0.02,0.0,Paulo Oliveira,83475.0,Paulo Oliveira,193927.0
15.0,Casa-Pia,433.0,13.0,11.0,54.0,0.0,202.0,169.0,1.0,0.4645640199999998,3.0,16.0,0.0,0.0,0.0,0.0,0.0,3.0,0.28,0.0,0.04,0.0,Fernando Varela,136355.0,Fernando Varela,163665.0
15.0,Famalicao,630.0,19.0,5.0,85.0,0.0,315.0,265.0,0.0,0.1424585499999995,0.0,7.0,0.0,0.0,1.0,0.0,0.0,4.0,0.17,0.0,0.12,1.0,Riccieli,380619.0, Riccieli,1033147.0
15.0,Gil-Vicente,160.0,27.0,5.0,21.0,1.0,152.0,119.0,4.0,0.4763972499999999,2.0,11.0,0.0,4.0,0.0,0.0,0.0,0.0,0.0,0.0,0.1899999999999999,1.0,Carraça,322735.0, Carraca,569037.0
15.0,Pacos-de-Ferreira,877.0,61.0,74.0,91.0,6.0,494.0,385.0,22.0,2.60214123,19.0,33.0,2.0,18.0,4.0,0.0,1.0,4.0,0.21,0.19,1.86,12.0,Juan Delgado,110341.0,Juan Delgado,304625.0
15.0,Rio-Ave,326.0,7.0,8.0,21.0,3.0,112.0,95.0,7.0,0.1362768699999999,5.0,10.0,0.0,3.0,1.0,0.0,1.0,4.0,0.08,0.1,0.09,2.0,Miguel Baeza,399951.0,Miguel Baeza,1088053.0
15.0,Santa-Clara,11.0,0.0,1.0,0.0,1.0,4.0,4.0,1.0,-0.00079318,0.0,0.0,0.0,0.0,0.0,0.0,0.0,0.0,0.0,0.0,0.0,0.0,Rodrigo Valente,426923.0,Rodrigo Valente,1080513.0
15.0,Sporting,700.0,19.0,33.0,115.0,12.0,457.0,417.0,26.0,0.17881871,11.0,35.0,0.0,2.0,0.0,0.0,0.0,4.0,0.24,0.29,0.2199999999999999,2.0,Manuel Ugarte,408962.0,Manuel Ugarte,1035614.0
15.0,Vizela,45.0,0.0,4.0,4.0,0.0,9.0,5.0,1.0,0.11254805,0.0,0.0,1.0,0.0,0.0,0.0,0.0,0.0,0.12,0.12,0.0,0.0,Monsuru Opeyemi,444577.0,Monsuru Opeyemi,1393417.0
16.0,Boavista,5.0,0.0,0.0,1.0,0.0,3.0,2.0,0.0,-0.00815809,0.0,0.0,0.0,0.0,0.0,0.0,0.0,0.0,0.0,0.0,0.0,0.0,Joel Silva,444820.0,Joel da Silva,1393748.0
16.0,Casa-Pia,60.0,6.0,0.0,13.0,0.0,36.0,29.0,0.0,0.069451,0.0,5.0,0.0,0.0,0.0,0.0,0.0,0.0,0.0,0.0,0.01,1.0,Cuca,444773.0, Cuca,955781.0
16.0,Chaves,18.0,0.0,1.0,0.0,1.0,6.0,4.0,2.0,0.0047518199999999,1.0,0.0,0.0,0.0,0.0,0.0,0.0,0.0,0.0,0.0,0.0,0.0,Euller,132504.0, Euller,477362.0
16.0,Gil-Vicente,0.0,0.0,0.0,0.0,0.0,0.0,0.0,0.0,0.0,0.0,0.0,0.0,0.0,0.0,0.0,0.0,0.0,0.0,0.0,0.0,0.0,,,André Simoes,1395223.0
16.0,Maritimo,717.0,14.0,8.0,75.0,1.0,290.0,242.0,6.0,0.7357616799999998,3.0,27.0,1.0,4.0,1.0,0.0,0.0,1.0,0.02,0.0,0.2,5.0,Diogo Mendes,422003.0,Diogo Mendes,824661.0
16.0,Pacos-de-Ferreira,591.0,16.0,29.0,47.0,15.0,196.0,130.0,29.0,1.04882353,11.0,14.0,3.0,7.0,3.0,1.0,0.0,13.0,0.8099999999999998,1.97,0.5399999999999999,9.0,Matchoi Djaló,380686.0, Matchoi,1069628.0
16.0,Porto,177.0,9.0,7.0,19.0,0.0,99.0,80.0,0.0,0.6151483999999998,5.0,9.0,0.0,1.0,1.0,0.0,0.0,1.0,0.1699999999999999,0.0,0.65,5.0,Marko Grujic,244779.0,Marko Grujic,463284.0
16.0,Santa-Clara,561.0,58.0,9.0,66.0,2.0,326.0,227.0,5.0,0.7289333999999998,0.0,33.0,0.0,6.0,0.0,0.0,1.0,1.0,0.7499999999999999,0.85,0.3299999999999999,2.0,Paulo Henrique,143035.0,Paulo Henrique,522771.0
16.0,Sporting,245.0,7.0,13.0,11.0,4.0,74.0,57.0,11.0,0.5705005199999997,3.0,8.0,3.0,6.0,1.0,1.0,2.0,3.0,0.84,1.1800000000000002,0.2799999999999999,3.0,Rochinha,260785.0, Rochinha,554285.0
16.0,Vizela,0.0,0.0,0.0,0.0,0.0,0.0,0.0,0.0,0.0,0.0,0.0,0.0,0.0,0.0,0.0,0.0,0.0,0.0,0.0,0.0,0.0,,,Matheus Pereira,1187623.0
17.0,Arouca,288.0,14.0,3.0,37.0,2.0,128.0,97.0,2.0,0.3247383799999997,1.0,13.0,0.0,0.0,0.0,0.0,0.0,0.0,0.02,0.01,0.03,1.0,Yaw Moses,444507.0,Moses Yaw,866504.0
17.0,Benfica,240.0,16.0,24.0,24.0,2.0,121.0,95.0,10.0,1.28428633,10.0,8.0,4.0,7.0,2.0,0.0,0.0,8.0,0.75,0.75,0.53,2.0,Diogo Gonçalves,343029.0,Diogo Goncalves,576118.0
17.0,Casa-Pia,319.0,11.0,20.0,48.0,2.0,120.0,107.0,11.0,0.2899418999999999,4.0,16.0,0.0,3.0,1.0,0.0,1.0,1.0,0.03,0.18,0.4299999999999999,2.0,Romário Baró,380656.0, Romario,917008.0
17.0,Chaves,170.0,2.0,6.0,13.0,1.0,40.0,27.0,6.0,0.25191493,2.0,2.0,3.0,3.0,1.0,0.0,0.0,6.0,0.5299999999999999,0.54,0.1299999999999999,1.0,Issah Abass,364014.0,Issah Abass,825965.0
17.0,Estoril,5.0,0.0,1.0,1.0,0.0,5.0,3.0,0.0,0.00528538,1.0,0.0,0.0,0.0,0.0,0.0,0.0,0.0,0.0,0.0,0.0,0.0,Mohamed Achouri,421895.0,Elias Achouri,1015128.0
17.0,Famalicao,246.0,0.0,1.0,13.0,2.0,57.0,46.0,5.0,0.0043767799999997,5.0,3.0,0.0,1.0,1.0,0.0,0.0,3.0,0.64,0.22,0.06,3.0,Rui Fonte,69742.0,Rui Fonte,159598.0
17.0,Gil-Vicente,422.0,17.0,48.0,45.0,12.0,157.0,104.0,34.0,1.55627604,16.0,9.0,9.0,10.0,4.0,0.0,0.0,11.0,0.61,0.56,0.7,11.0,Kevin Villodres,444939.0,Kevin Villodres,1213117.0
17.0,Maritimo,287.0,6.0,19.0,24.0,3.0,105.0,83.0,16.0,0.47202635,6.0,4.0,3.0,4.0,2.0,0.0,0.0,3.0,0.18,0.03,0.21,3.0,Antonio Zarzana,404357.0,Antonio Zarzana,941726.0
17.0,Pacos-de-Ferreira,404.0,3.0,11.0,17.0,3.0,105.0,87.0,7.0,0.46184683,6.0,10.0,2.0,2.0,1.0,2.0,0.0,16.0,2.23,1.95,0.2299999999999999,5.0,Adrián Butzke,427566.0,Adrián Butzke,1102246.0
17.0,Portimonense,20.0,0.0,1.0,0.0,0.0,3.0,3.0,0.0,0.0697907199999999,0.0,0.0,0.0,1.0,0.0,0.0,0.0,2.0,0.15,0.0,0.04,1.0,Ricardo Matos,432109.0,Ricardo Matos,1084018.0
17.0,Porto,235.0,15.0,19.0,38.0,3.0,140.0,109.0,9.0,0.6866017399999998,11.0,4.0,2.0,7.0,2.0,0.0,0.0,1.0,0.01,0.0,0.52,2.0,Rodrigo Conceição,422950.0,Rodrigo Conceicao,980264.0
17.0,Rio-Ave,76.0,7.0,2.0,7.0,1.0,37.0,28.0,3.0,0.1174720299999999,1.0,5.0,0.0,1.0,1.0,0.0,1.0,0.0,0.0,0.0,0.1,1.0,Ukra,57553.0, Ukra,40955.0
17.0,Santa-Clara,544.0,13.0,2.0,78.0,0.0,259.0,232.0,0.0,0.0880637299999998,0.0,8.0,0.0,0.0,0.0,0.0,0.0,4.0,0.25,0.53,0.0,1.0,Cristian Tassano,274646.0,Cristian Gonzalez,624459.0
17.0,Sporting,740.0,20.0,61.0,63.0,15.0,336.0,267.0,39.0,1.5788845199999997,27.0,30.0,9.0,11.0,4.0,2.0,1.0,14.0,2.1,1.32,2.0100000000000007,22.0,Trincão,368409.0, Trincao,732282.0
17.0,Vitoria-de-Guimaraes,141.0,1.0,5.0,9.0,0.0,35.0,23.0,1.0,-0.0089491599999998,1.0,0.0,3.0,0.0,0.0,2.0,0.0,0.0,0.99,1.13,0.03,0.0,André Silva,351703.0, Andre,919919.0
17.0,Vizela,219.0,10.0,6.0,36.0,1.0,83.0,57.0,3.0,0.3740509399999996,0.0,7.0,1.0,3.0,0.0,0.0,0.0,3.0,0.14,0.13,0.0999999999999999,2.0,Diego Rosa,444578.0,Diego Rosa,1108884.0
18.0,Benfica,46.0,0.0,1.0,3.0,0.0,11.0,9.0,2.0,0.01508106,1.0,0.0,0.0,0.0,0.0,0.0,0.0,2.0,0.17,0.0,0.01,0.0,Rodrigo Pinho,291652.0,Rodrigo Pinho,667962.0
18.0,Boavista,-5.0,0.0,0.0,0.0,0.0,0.0,0.0,0.0,0.0,0.0,0.0,0.0,0.0,0.0,0.0,0.0,0.0,0.0,0.0,0.0,0.0,Ilija Vukotic,423602.0,Ilija Vukotic,625337.0
18.0,Braga,155.0,7.0,18.0,15.0,4.0,91.0,78.0,9.0,0.5184247099999999,8.0,2.0,3.0,5.0,2.0,1.0,2.0,3.0,0.66,0.55,0.23,4.0,Diego Lainez,369101.0,Diego Lainez,828972.0
18.0,Casa-Pia,31.0,1.0,1.0,2.0,0.0,20.0,15.0,0.0,0.0906698299999999,1.0,1.0,0.0,1.0,0.0,0.0,0.0,1.0,0.03,0.05,0.03,0.0,Vitó,345697.0, Vito,770830.0
18.0,Gil-Vicente,279.0,9.0,29.0,32.0,3.0,109.0,67.0,11.0,1.03558738,6.0,3.0,4.0,6.0,1.0,0.0,0.0,2.0,0.46,0.1,0.5900000000000001,4.0,Mizuki Arai,444940.0,Mizuki Arai,768319.0
18.0,Portimonense,900.0,59.0,31.0,114.0,5.0,490.0,345.0,17.0,2.10778078,12.0,34.0,1.0,14.0,5.0,0.0,1.0,2.0,0.38,0.16,0.6699999999999999,11.0,Fahd Moufi,308886.0,Fahd Moufi,561199.0
18.0,Rio-Ave,900.0,39.0,1.0,10.0,0.0,367.0,269.0,0.0,0.2945883799999998,0.0,5.0,0.0,1.0,0.0,0.0,0.0,0.0,0.0,0.0,0.0,0.0,Jhonatan,284656.0,,
18.0,Sporting,22.0,0.0,2.0,1.0,1.0,9.0,4.0,4.0,0.03324865,2.0,0.0,0.0,0.0,0.0,0.0,0.0,0.0,0.36,0.46,0.01,0.0,Issahaku Fatawu,430985.0,Abdul Issahaku,1265626.0
19.0,Arouca,676.0,1.0,11.0,32.0,5.0,119.0,88.0,9.0,0.2175543399999998,5.0,1.0,1.0,1.0,0.0,3.0,0.0,8.0,2.01,2.94,0.28,4.0,Rafa Mújica,315692.0,Rafa Mujica,741103.0
19.0,Boavista,249.0,8.0,6.0,18.0,2.0,73.0,50.0,9.0,0.2534652299999999,1.0,2.0,0.0,1.0,1.0,0.0,0.0,2.0,0.17,0.06,0.16,3.0,Ricardo Mangas,389108.0,Ricardo Mangas,824655.0
19.0,Braga,203.0,10.0,13.0,28.0,4.0,120.0,108.0,5.0,0.4181867799999998,3.0,15.0,1.0,2.0,1.0,0.0,0.0,6.0,0.15,0.32,0.26,3.0,Uros Racic,346183.0,Uros Racic,764624.0
19.0,Casa-Pia,625.0,33.0,25.0,112.0,3.0,392.0,329.0,3.0,0.98672224,3.0,19.0,0.0,5.0,3.0,0.0,0.0,2.0,0.09,0.22,0.19,4.0,Nermin Zolotic,105686.0,Nermin Zolotic,280443.0
19.0,Chaves,810.0,29.0,6.0,94.0,1.0,372.0,315.0,2.0,0.2891757599999996,0.0,7.0,0.0,0.0,0.0,1.0,0.0,3.0,0.51,0.61,0.01,1.0,Steven Vitória,121484.0,Steven Vitoria,163994.0
19.0,Famalicao,250.0,3.0,16.0,15.0,4.0,59.0,36.0,8.0,0.6166088699999999,5.0,2.0,1.0,3.0,2.0,1.0,3.0,5.0,0.5900000000000001,0.45,0.44,5.0,José Luis Rodríguez,358868.0,José Luis Rodriguez,940333.0
19.0,Gil-Vicente,720.0,72.0,33.0,82.0,3.0,402.0,280.0,10.0,1.96118479,6.0,38.0,1.0,15.0,3.0,0.0,0.0,2.0,0.16,0.0,1.27,10.0,Adrián Marín,243271.0,Adrián Marin,571685.0
19.0,Pacos-de-Ferreira,432.0,1.0,18.0,19.0,5.0,64.0,40.0,14.0,0.4328921899999998,7.0,2.0,5.0,0.0,3.0,2.0,1.0,3.0,1.7800000000000002,2.07,0.21,4.0,N'Dri Koffi,425119.0,N'Dri Philippe Koffi,1295898.0
19.0,Portimonense,138.0,7.0,4.0,11.0,2.0,60.0,41.0,5.0,0.3964811399999997,2.0,5.0,2.0,1.0,1.0,0.0,0.0,0.0,0.0,0.0,0.13,3.0,Gonçalo Costa,447210.0,Goncalo Costa,1354243.0
19.0,Porto,128.0,2.0,7.0,15.0,1.0,42.0,33.0,4.0,0.1341294099999999,3.0,5.0,0.0,1.0,0.0,0.0,0.0,0.0,0.65,0.51,0.08,3.0,Danny Namaso,342857.0,Danny Loader,817724.0
19.0,Rio-Ave,822.0,6.0,21.0,38.0,6.0,158.0,108.0,21.0,0.4296717500000001,11.0,6.0,2.0,3.0,2.0,5.0,3.0,11.0,1.73,2.99,0.3499999999999999,5.0,Aziz Yakubu,374632.0,Abdul-Aziz Yakubu,841352.0
19.0,Santa-Clara,241.0,11.0,8.0,11.0,3.0,62.0,40.0,6.0,0.4114215499999998,3.0,11.0,0.0,3.0,0.0,1.0,1.0,6.0,0.27,0.5700000000000001,0.36,3.0,Bruno Almeida,449875.0,Bruno Almeida,1285527.0
19.0,Vizela,685.0,47.0,9.0,82.0,6.0,286.0,221.0,14.0,1.7180274899999994,5.0,41.0,0.0,12.0,4.0,0.0,0.0,8.0,0.55,1.14,1.03,12.0,Alex Méndez,421844.0,Alex Mendez,936528.0
20.0,Arouca,0.0,0.0,0.0,0.0,0.0,0.0,0.0,0.0,0.0,0.0,0.0,0.0,0.0,0.0,0.0,0.0,0.0,0.0,0.0,0.0,0.0,,,Pedro Moreira,11849.0
20.0,Benfica,678.0,43.0,55.0,67.0,13.0,430.0,353.0,34.0,4.560180140000001,23.0,23.0,5.0,26.0,7.0,4.0,3.0,9.0,3.8,3.76,3.21,23.0,João Mário,125476.0,Joao Mário,300916.0
20.0,Boavista,218.0,17.0,8.0,28.0,1.0,121.0,97.0,1.0,0.5642825999999999,3.0,13.0,0.0,2.0,0.0,0.0,0.0,0.0,0.0,0.0,0.17,1.0,Filipe Ferreira,135635.0,Filipe Ferreira,476766.0
20.0,Chaves,392.0,2.0,16.0,26.0,6.0,64.0,44.0,11.0,0.7636800499999999,8.0,4.0,5.0,0.0,1.0,1.0,0.0,7.0,0.65,0.4,0.72,2.0,Juninho,320350.0, Juninho,728409.0
20.0,Estoril,418.0,11.0,11.0,53.0,3.0,189.0,154.0,10.0,0.6240211799999997,4.0,18.0,0.0,2.0,1.0,0.0,0.0,2.0,0.25,0.0,0.38,1.0,João Carvalho,255151.0,Joao Carvalho,603808.0
20.0,Famalicao,33.0,1.0,3.0,1.0,1.0,17.0,11.0,5.0,0.00389464,0.0,1.0,0.0,0.0,0.0,0.0,0.0,1.0,0.03,0.16,0.0,0.0,Gustavo Sá,449369.0,Gustavo Sa,1395482.0
20.0,Gil-Vicente,506.0,17.0,27.0,50.0,11.0,180.0,111.0,27.0,2.1016135,13.0,6.0,3.0,12.0,2.0,1.0,0.0,7.0,1.2600000000000002,1.36,1.02,10.0,Juan Manuel Boselli,425187.0,Juan Boselli,848051.0
20.0,Maritimo,186.0,5.0,3.0,17.0,2.0,66.0,51.0,3.0,0.13931758,1.0,7.0,0.0,1.0,0.0,0.0,0.0,0.0,0.5599999999999999,0.83,0.03,1.0,Miguel Sousa,430400.0,Miguel Sousa,948704.0
20.0,Pacos-de-Ferreira,81.0,2.0,1.0,11.0,0.0,32.0,21.0,2.0,0.2310596899999999,1.0,1.0,0.0,1.0,0.0,0.0,0.0,1.0,0.01,0.0,0.4,0.0,Luís Bastos,423594.0,Luis Bastos,1289378.0
20.0,Portimonense,693.0,33.0,24.0,75.0,7.0,294.0,226.0,15.0,1.82874367,11.0,27.0,1.0,18.0,3.0,1.0,1.0,11.0,0.75,0.33,0.99,18.0,Luquinha,381910.0, Luquinha,1079486.0
20.0,Porto,108.0,6.0,5.0,9.0,0.0,63.0,47.0,1.0,0.4185646199999999,2.0,7.0,0.0,4.0,2.0,1.0,0.0,2.0,0.88,0.6,0.22,5.0,André Franco,421893.0,Andre Franco,1080684.0
20.0,Rio-Ave,802.0,54.0,33.0,110.0,2.0,420.0,307.0,20.0,1.1724447899999997,16.0,29.0,1.0,10.0,1.0,1.0,1.0,5.0,0.28,0.4199999999999999,0.52,4.0,Costinha,395954.0, Costinha,1079456.0
20.0,Santa-Clara,406.0,23.0,9.0,54.0,3.0,197.0,154.0,5.0,0.2986522799999996,1.0,18.0,0.0,2.0,0.0,0.0,1.0,1.0,0.08,0.0,0.0699999999999999,1.0,Adriano,378828.0, Adriano,1071102.0
20.0,Sporting,285.0,5.0,7.0,22.0,5.0,97.0,70.0,7.0,0.15788267,5.0,9.0,2.0,3.0,0.0,1.0,0.0,3.0,1.36,1.75,0.4499999999999999,2.0,Paulinho,135563.0, Paulinho,361377.0
20.0,Vitoria-de-Guimaraes,591.0,15.0,31.0,60.0,14.0,171.0,133.0,44.0,0.3310135199999996,12.0,7.0,6.0,4.0,1.0,1.0,0.0,11.0,0.8700000000000001,1.21,0.2099999999999998,5.0,Nélson da Luz,430413.0,Nelson Da Luz,854081.0
20.0,Vizela,825.0,41.0,18.0,109.0,2.0,364.0,278.0,7.0,1.01374544,9.0,49.0,0.0,14.0,2.0,0.0,0.0,12.0,1.3800000000000003,0.8700000000000001,0.7100000000000001,10.0,Samu,322742.0, Samu,667952.0
21.0,Arouca,292.0,21.0,9.0,55.0,2.0,160.0,102.0,6.0,0.4256459099999998,3.0,11.0,2.0,3.0,0.0,0.0,0.0,0.0,0.05,0.0,0.15,2.0,Bogdan Milovanov,409375.0,Bogdan Milovanov,900559.0
21.0,Boavista,389.0,25.0,24.0,13.0,5.0,159.0,106.0,13.0,1.35523321,5.0,20.0,6.0,9.0,4.0,1.0,0.0,3.0,0.6599999999999999,0.91,0.36,8.0,Salvador Agra,91775.0,Salvador Agra,214449.0
21.0,Braga,876.0,31.0,39.0,74.0,3.0,385.0,304.0,13.0,2.46894196,19.0,40.0,3.0,16.0,8.0,4.0,4.0,23.0,4.52,4.32,2.55,26.0,Ricardo Horta,127130.0,Ricardo Horta,432591.0
21.0,Casa-Pia,0.0,0.0,0.0,0.0,0.0,0.0,0.0,0.0,0.0,0.0,0.0,0.0,0.0,0.0,0.0,0.0,0.0,0.0,0.0,0.0,0.0,,,Ricardo Fernandes,1201801.0
21.0,Chaves,684.0,23.0,11.0,82.0,15.0,294.0,247.0,25.0,0.6245983799999997,4.0,27.0,1.0,2.0,5.0,0.0,0.0,5.0,0.26,0.18,0.37,11.0,Guima,438899.0, Guima,526653.0
21.0,Estoril,724.0,25.0,44.0,52.0,10.0,156.0,101.0,30.0,1.57048285,15.0,8.0,12.0,12.0,5.0,2.0,3.0,10.0,0.7,0.94,1.1700000000000002,14.0,Tiago Gouveia,437687.0,Tiago Gouveia,1072317.0
21.0,Famalicao,180.0,12.0,3.0,26.0,0.0,103.0,95.0,0.0,0.1118713399999999,0.0,7.0,0.0,0.0,0.0,0.0,0.0,0.0,0.21,0.0,0.01,0.0,Dylan Batubinsika,400243.0,Dylan Batubinsika,751762.0
21.0,Gil-Vicente,883.0,40.0,24.0,123.0,8.0,521.0,442.0,10.0,1.1235187199999996,10.0,43.0,1.0,6.0,2.0,0.0,0.0,8.0,0.35,0.5499999999999999,1.05,12.0,Vitor Carvalho,331609.0, Carvalho,816001.0
21.0,Maritimo,284.0,8.0,2.0,38.0,0.0,131.0,115.0,0.0,0.0613251399999999,0.0,7.0,0.0,0.0,0.0,0.0,0.0,0.0,0.0,0.0,0.03,1.0,João Afonso,137128.0,Joao Afonso,495028.0
21.0,Pacos-de-Ferreira,5.0,0.0,0.0,1.0,0.0,1.0,0.0,1.0,0.00010719,0.0,0.0,0.0,0.0,0.0,0.0,0.0,0.0,0.0,0.0,0.0,0.0,Jorge Silva,380688.0,Jorge Silva,603609.0
21.0,Portimonense,322.0,16.0,4.0,32.0,1.0,152.0,123.0,2.0,0.1050897199999999,2.0,9.0,1.0,1.0,0.0,0.0,1.0,0.0,0.04,0.0,0.2,3.0,Pedro Sá,342698.0,Pedro Sa,666952.0
21.0,Rio-Ave,134.0,6.0,2.0,14.0,3.0,64.0,57.0,4.0,0.02445259,1.0,5.0,0.0,0.0,0.0,0.0,0.0,0.0,0.0,0.0,0.21,0.0,João Graça,143635.0,Joao Graca,488540.0
21.0,Santa-Clara,85.0,3.0,5.0,13.0,1.0,44.0,34.0,4.0,0.0930778700000001,2.0,2.0,0.0,2.0,1.0,0.0,0.0,0.0,0.09,0.0,0.04,1.0,Andrézinho,444764.0, Andrezinho,1185183.0
21.0,Vitoria-de-Guimaraes,560.0,26.0,30.0,57.0,2.0,298.0,257.0,7.0,1.09326593,5.0,36.0,2.0,3.0,1.0,0.0,0.0,3.0,0.17,0.0,0.81,6.0,André André,70967.0,Andre Andre,164333.0
22.0,Benfica,83.0,6.0,6.0,10.0,0.0,58.0,47.0,1.0,0.3555680199999999,4.0,7.0,1.0,2.0,1.0,0.0,0.0,0.0,0.15,0.0,0.17,1.0,Chiquinho,361961.0, Chiquinho,566644.0
22.0,Estoril,8.0,2.0,2.0,7.0,0.0,6.0,4.0,1.0,0.04947003,1.0,2.0,0.0,0.0,0.0,0.0,0.0,0.0,0.0,0.0,0.0,0.0,Shaquil Delos,455488.0,Shaquil Delos,1072860.0
22.0,Famalicao,540.0,47.0,31.0,87.0,6.0,324.0,244.0,16.0,1.21853613,7.0,25.0,0.0,4.0,0.0,0.0,0.0,2.0,0.59,0.09,0.4999999999999999,5.0,Hernán De La Fuente,348742.0,Hernan De La Fuente,900404.0
22.0,Pacos-de-Ferreira,122.0,4.0,2.0,9.0,0.0,47.0,39.0,0.0,0.1341296899999999,2.0,4.0,0.0,1.0,0.0,0.0,1.0,1.0,0.03,0.0,0.22,1.0,Luíz Carlos,121675.0,Luiz Carlos,185591.0
22.0,Portimonense,890.0,68.0,22.0,125.0,0.0,557.0,478.0,1.0,0.8505639199999997,0.0,37.0,0.0,1.0,0.0,0.0,1.0,1.0,0.3199999999999999,0.23,0.54,3.0,Filipe Relvas,422207.0,Filipe Relvas,1285815.0
22.0,Porto,361.0,12.0,20.0,44.0,2.0,211.0,179.0,4.0,0.1449994399999999,5.0,9.0,1.0,1.0,1.0,0.0,0.0,3.0,0.16,0.0,0.04,0.0,Wendell,132273.0, Wendell,487867.0
22.0,Rio-Ave,249.0,2.0,5.0,7.0,1.0,39.0,28.0,10.0,0.21131757,3.0,3.0,2.0,1.0,0.0,3.0,0.0,5.0,0.6,1.82,0.1899999999999999,2.0,Emmanuel Boateng,243572.0,Emmanuel Boateng,561219.0
22.0,Santa-Clara,74.0,1.0,1.0,7.0,1.0,19.0,12.0,2.0,-0.00233715,1.0,0.0,0.0,0.0,0.0,0.0,1.0,1.0,0.13,0.13,0.02,2.0,Filip Stevanovic,383865.0,Filip Stevanovic,1072997.0
22.0,Vitoria-de-Guimaraes,797.0,30.0,12.0,126.0,2.0,343.0,288.0,5.0,0.5337398399999999,3.0,20.0,0.0,1.0,0.0,0.0,0.0,1.0,0.09,0.0,0.08,3.0,Ibrahima Bamba,432629.0,Ibrahim Bamba,1282446.0
22.0,Vizela,429.0,9.0,13.0,34.0,5.0,94.0,63.0,13.0,0.2416213599999998,2.0,5.0,4.0,4.0,1.0,1.0,0.0,6.0,0.5199999999999999,0.69,0.18,3.0,Kévin Zohi,344143.0,Kévin Zohi,865040.0
23.0,Arouca,514.0,10.0,10.0,47.0,2.0,176.0,156.0,5.0,0.0987461599999995,3.0,13.0,0.0,0.0,0.0,0.0,0.0,1.0,0.02,0.0,0.04,1.0,Ismaila Soro,397094.0,Ismaila Soro,896481.0
23.0,Benfica,95.0,9.0,11.0,14.0,2.0,106.0,89.0,3.0,0.65999321,5.0,3.0,1.0,2.0,2.0,0.0,1.0,2.0,0.2,0.0,0.51,3.0,Mihailo Ristic,244778.0,Mihailo Ristic,588562.0
23.0,Boavista,713.0,18.0,8.0,94.0,0.0,383.0,341.0,0.0,0.3178410799999998,2.0,6.0,0.0,0.0,0.0,2.0,0.0,5.0,0.51,1.6,0.02,0.0,Vincent Sasso,120590.0,Vincent Sasso,210443.0
23.0,Braga,688.0,2.0,15.0,30.0,5.0,103.0,68.0,10.0,0.4892402799999998,6.0,5.0,3.0,3.0,3.0,5.0,1.0,12.0,3.61,3.86,0.6200000000000001,11.0,Simon Banza,300483.0,Simon Banza,696932.0
23.0,Casa-Pia,20.0,1.0,4.0,3.0,3.0,15.0,9.0,4.0,0.07454983,1.0,2.0,1.0,0.0,0.0,0.0,0.0,1.0,0.06,0.0,0.01,1.0,Léo Natel,338724.0,Leo Natel,844434.0
23.0,Chaves,851.0,9.0,12.0,37.0,4.0,138.0,99.0,8.0,0.4483202299999999,4.0,11.0,2.0,0.0,1.0,4.0,0.0,14.0,2.27,4.470000000000001,0.09,5.0,Héctor Hernández,141293.0,Héctor Hernández,575229.0
23.0,Estoril,891.0,45.0,38.0,103.0,3.0,542.0,469.0,4.0,0.6232948599999998,3.0,24.0,0.0,2.0,0.0,0.0,0.0,0.0,0.0,0.0,0.08,3.0,Pedro Álvaro,436897.0,Pedro Alvaro,822258.0
23.0,Maritimo,575.0,31.0,17.0,40.0,4.0,209.0,149.0,10.0,2.32771023,9.0,16.0,2.0,15.0,3.0,2.0,2.0,17.0,1.41,2.28,1.38,13.0,Bruno Xadas,335707.0, Xadas,737814.0
23.0,Pacos-de-Ferreira,360.0,16.0,8.0,44.0,0.0,226.0,204.0,0.0,0.3079167399999998,0.0,17.0,0.0,0.0,0.0,0.0,0.0,2.0,0.32,0.44,0.04,1.0,Erick Ferigra,356753.0,Erick Ferigra,937502.0
23.0,Porto,360.0,25.0,24.0,24.0,3.0,220.0,174.0,13.0,1.0184510999999998,9.0,6.0,3.0,4.0,1.0,0.0,2.0,1.0,0.15,0.03,1.09,8.0,João Mário,395173.0,Joao Mario,958421.0
23.0,Rio-Ave,336.0,32.0,36.0,44.0,0.0,242.0,211.0,1.0,0.5199326299999999,8.0,27.0,0.0,0.0,1.0,0.0,0.0,1.0,0.07,0.04,0.09,3.0,Josué Sá,96243.0, Josué,242872.0
23.0,Vitoria-de-Guimaraes,17.0,0.0,0.0,1.0,0.0,3.0,2.0,0.0,0.0064920899999999,0.0,1.0,0.0,0.0,0.0,0.0,0.0,0.0,0.0,0.0,0.0,1.0,Matheus Índio,444828.0,Matheus Indio,1285529.0
23.0,Vizela,9.0,2.0,0.0,2.0,0.0,8.0,6.0,0.0,-0.0024519,0.0,1.0,0.0,0.0,0.0,0.0,0.0,2.0,0.03,0.0,0.0,1.0,Osama Rashid,361919.0,Osama Rashid,278239.0
24.0,Boavista,884.0,60.0,24.0,85.0,1.0,589.0,507.0,3.0,1.02910231,6.0,53.0,0.0,7.0,1.0,1.0,0.0,3.0,0.22,1.55,0.37,5.0,Sebastián Pérez,318429.0,Sebastian Perez,309353.0
24.0,Braga,90.0,4.0,1.0,9.0,0.0,55.0,48.0,0.0,0.03692803,0.0,1.0,0.0,0.0,0.0,0.0,0.0,1.0,0.03,0.0,0.0,0.0,Bruno Rodrigues,407950.0,Bruno Rodrigues,1215056.0
24.0,Chaves,17.0,0.0,0.0,5.0,0.0,13.0,10.0,0.0,-0.0013782799999999,0.0,0.0,0.0,0.0,0.0,0.0,0.0,0.0,0.0,0.0,0.0,0.0,Eduardo Borges,447021.0,Eduardo Borges,1388881.0
24.0,Maritimo,60.0,2.0,6.0,3.0,1.0,13.0,6.0,5.0,0.08791967,3.0,0.0,0.0,1.0,0.0,0.0,0.0,1.0,0.03,0.0,0.0,0.0,Clésio,137656.0,Clesio Bauque,470836.0
24.0,Pacos-de-Ferreira,180.0,2.0,0.0,2.0,0.0,65.0,55.0,0.0,0.0225731899999998,0.0,2.0,0.0,0.0,0.0,0.0,0.0,0.0,0.0,0.0,0.0,0.0,Zé Oliveira,396588.0,,
24.0,Portimonense,311.0,7.0,8.0,47.0,5.0,101.0,78.0,7.0,0.1659028699999997,0.0,10.0,1.0,0.0,0.0,0.0,0.0,3.0,0.1899999999999999,0.0,0.04,2.0,Mohamed Lamine Diaby,380683.0,Mohamed Diaby,958533.0
24.0,Rio-Ave,867.0,88.0,43.0,87.0,7.0,591.0,445.0,18.0,3.01089785,11.0,46.0,0.0,22.0,4.0,1.0,2.0,4.0,0.45999999999999996,0.55,0.9000000000000001,12.0,Pedro Amaral,381521.0,Pedro Amaral,776584.0
24.0,Sporting,543.0,41.0,62.0,54.0,9.0,373.0,271.0,22.0,2.01868234,13.0,21.0,11.0,12.0,3.0,0.0,3.0,12.0,0.6799999999999999,0.44,1.65,10.0,Pedro Porro,362352.0,Pedro Porro,941573.0
24.0,Vizela,900.0,81.0,17.0,137.0,6.0,448.0,304.0,14.0,1.95570966,6.0,42.0,0.0,10.0,2.0,0.0,0.0,4.0,0.42,0.0,0.8400000000000001,12.0,Kiki,129360.0,Kiki Afonso,442593.0
25.0,Benfica,1.0,0.0,0.0,0.0,0.0,3.0,1.0,0.0,0.0,0.0,0.0,0.0,0.0,0.0,0.0,0.0,0.0,0.0,0.0,0.06,1.0,John Brooks,104899.0,John Anthony Brooks,278831.0
25.0,Boavista,180.0,15.0,18.0,22.0,1.0,120.0,80.0,2.0,0.7302796699999998,2.0,7.0,0.0,5.0,2.0,0.0,1.0,0.0,0.06,0.03,0.3399999999999999,5.0,Yanis Hamache,400992.0,Yanis Hamache,979748.0
25.0,Braga,0.0,0.0,0.0,0.0,0.0,0.0,0.0,0.0,0.0,0.0,0.0,0.0,0.0,0.0,0.0,0.0,0.0,0.0,0.0,0.0,0.0,,,Lucas Mineiro,750088.0
25.0,Estoril,503.0,17.0,4.0,75.0,0.0,215.0,180.0,1.0,-0.0050334599999997,0.0,6.0,0.0,0.0,0.0,0.0,0.0,0.0,0.0,0.0,0.03,3.0,Mor Ndiaye,444629.0,Mor Ndiaye,1080510.0
25.0,Famalicao,415.0,19.0,12.0,50.0,10.0,228.0,196.0,17.0,0.2649408999999997,4.0,11.0,1.0,1.0,0.0,0.0,0.0,0.0,0.02,0.0,0.06,0.0,Pelé,70484.0, Pelé,163605.0
25.0,Gil-Vicente,403.0,16.0,20.0,50.0,7.0,221.0,177.0,16.0,1.2734652399999995,9.0,15.0,3.0,9.0,3.0,0.0,0.0,8.0,0.66,0.81,1.03,8.0,Pedro Tiba,135350.0,Pedro Tiba,164053.0
25.0,Maritimo,0.0,0.0,0.0,0.0,0.0,0.0,0.0,0.0,0.0,0.0,0.0,0.0,0.0,0.0,0.0,0.0,0.0,0.0,0.0,0.0,0.0,,,Goncalo Cardoso,959652.0
25.0,Porto,516.0,50.0,24.0,65.0,9.0,309.0,229.0,19.0,2.0297582700000003,9.0,29.0,1.0,25.0,5.0,1.0,0.0,7.0,0.75,1.11,1.66,14.0,Otávio,120608.0, Otávio,397019.0
25.0,Sporting,715.0,46.0,65.0,78.0,6.0,761.0,685.0,6.0,1.2749749899999994,5.0,83.0,0.0,2.0,0.0,0.0,0.0,1.0,0.49,0.21,0.22,4.0,Gonçalo Inácio,395992.0,Goncalo Inacio,1165710.0
25.0,Vitoria-de-Guimaraes,149.0,8.0,3.0,10.0,1.0,65.0,47.0,4.0,0.2201324599999999,0.0,3.0,0.0,2.0,0.0,0.0,0.0,0.0,0.04,0.0,0.03,0.0,Ryoya Ogawa,444827.0,Ryoya Ogawa,727419.0
25.0,Vizela,0.0,0.0,0.0,0.0,0.0,0.0,0.0,0.0,0.0,0.0,0.0,0.0,0.0,0.0,0.0,0.0,0.0,0.0,0.0,0.0,0.0,,,Mohamed Aidara,1184776.0
26.0,Boavista,678.0,33.0,13.0,114.0,1.0,460.0,364.0,2.0,1.145076269999999,4.0,28.0,0.0,3.0,2.0,0.0,1.0,0.0,0.01,0.0,0.69,4.0,Rodrigo Abascal,423077.0,Rodrigo Abascal,690223.0
26.0,Braga,7.0,0.0,0.0,1.0,0.0,4.0,3.0,0.0,-0.0116204,0.0,0.0,0.0,0.0,0.0,0.0,0.0,0.0,0.0,0.0,0.0,0.0,Cristián Borja,297321.0,Cristian Borja,683964.0
26.0,Chaves,90.0,0.0,0.0,8.0,0.0,30.0,29.0,0.0,0.0099197599999999,0.0,0.0,0.0,0.0,0.0,0.0,0.0,0.0,0.0,0.0,0.0,0.0,Carlos Ponck,232384.0,Carlos Ponck,566408.0
26.0,Gil-Vicente,720.0,30.0,18.0,94.0,0.0,453.0,381.0,0.0,0.5894752099999998,1.0,20.0,0.0,1.0,0.0,0.0,0.0,1.0,0.32,0.0,0.0799999999999998,0.0,Rúben Fernandes,135962.0,Ruben Fernandes,164323.0
26.0,Pacos-de-Ferreira,811.0,27.0,11.0,98.0,2.0,443.0,378.0,2.0,0.7496562799999998,3.0,33.0,0.0,2.0,0.0,0.0,0.0,1.0,0.03,0.0,0.2799999999999999,4.0,Rui Pires,422245.0,Rui Pires,776968.0
27.0,Benfica,781.0,12.0,57.0,49.0,16.0,283.0,214.0,42.0,1.83735595,22.0,24.0,14.0,14.0,4.0,5.0,2.0,18.0,4.32,4.5200000000000005,1.37,13.0,Rafa,135127.0,Rafa Silva,477023.0
27.0,Boavista,0.0,0.0,0.0,0.0,0.0,0.0,0.0,0.0,0.0,0.0,0.0,0.0,0.0,0.0,0.0,0.0,0.0,0.0,0.0,0.0,0.0,,,Jeriel De Santis,1055734.0
27.0,Casa-Pia,749.0,33.0,28.0,142.0,6.0,392.0,296.0,17.0,0.6320507199999998,14.0,37.0,0.0,2.0,1.0,0.0,1.0,5.0,0.19,0.0,0.4599999999999999,9.0,Afonso Taira,105745.0,Afonso Taira,280510.0
27.0,Pacos-de-Ferreira,0.0,0.0,0.0,0.0,0.0,0.0,0.0,0.0,0.0,0.0,0.0,0.0,0.0,0.0,0.0,0.0,0.0,0.0,0.0,0.0,0.0,,,Joao Vigario,566477.0
27.0,Portimonense,117.0,4.0,1.0,11.0,0.0,52.0,40.0,2.0,0.14509177,0.0,2.0,0.0,1.0,0.0,0.0,0.0,0.0,0.27,0.0,0.01,0.0,Klismahn,447215.0, Klismahn,1299645.0
27.0,Rio-Ave,67.0,1.0,5.0,6.0,0.0,16.0,6.0,2.0,0.05078905,1.0,0.0,1.0,0.0,0.0,0.0,0.0,2.0,0.12000000000000001,0.05,0.0,0.0,Hernâni,106216.0, Hernani,281558.0
28.0,Arouca,896.0,59.0,15.0,107.0,0.0,478.0,310.0,0.0,1.27219754,9.0,37.0,0.0,10.0,1.0,0.0,1.0,3.0,0.24,0.1,0.5599999999999999,5.0,Tiago Esgaio,383609.0,Tiago Esgaio,816222.0
28.0,Benfica,57.0,5.0,3.0,12.0,0.0,80.0,78.0,0.0,0.0991315399999999,1.0,12.0,0.0,1.0,0.0,0.0,0.0,0.0,0.03,0.0,0.06,1.0,Julian Weigl,142318.0,Julian Weigl,521421.0
28.0,Chaves,472.0,6.0,22.0,50.0,1.0,134.0,101.0,4.0,0.5098124499999999,2.0,5.0,3.0,4.0,2.0,1.0,1.0,9.0,1.48,1.97,0.26,2.0,Jonathan Arriba,444824.0,Jony Arriba,1388883.0
28.0,Famalicao,669.0,17.0,17.0,91.0,10.0,215.0,166.0,18.0,0.2329752399999998,5.0,23.0,2.0,4.0,0.0,2.0,0.0,6.0,0.74,0.83,0.25,1.0,Zaydou Youssouf,330832.0,Zaydou Youssouf,813549.0
28.0,Portimonense,1.0,1.0,1.0,1.0,0.0,3.0,3.0,0.0,0.2347072799999999,0.0,0.0,0.0,1.0,1.0,0.0,0.0,0.0,0.0,0.0,0.07,1.0,Pastor,447208.0, Pastor,1288517.0
28.0,Porto,192.0,16.0,8.0,14.0,2.0,93.0,69.0,5.0,0.9657482,3.0,11.0,1.0,8.0,2.0,0.0,0.0,1.0,0.5900000000000001,0.44,0.4399999999999999,4.0,Bruno Costa,354146.0,Bruno Costa,470535.0
28.0,Sporting,881.0,32.0,44.0,51.0,15.0,366.0,296.0,31.0,2.61442691,17.0,28.0,11.0,21.0,5.0,6.0,3.0,17.0,4.62,7.469999999999999,2.3100000000000005,27.0,Pote,344378.0,Pedro Goncalves,875133.0
28.0,Vitoria-de-Guimaraes,453.0,36.0,11.0,65.0,3.0,234.0,162.0,8.0,0.3326043699999998,8.0,20.0,0.0,5.0,1.0,0.0,0.0,1.0,0.05,0.0,0.16,4.0,Zé Carlos,435125.0,Ze Ferreira,1287747.0
29.0,Braga,48.0,2.0,6.0,6.0,0.0,45.0,43.0,0.0,0.0823963299999998,1.0,8.0,1.0,0.0,0.0,0.0,0.0,0.0,0.0,0.0,0.02,0.0,Jean-Baptiste Gorby,423976.0,Jean Gorby,1292369.0
29.0,Estoril,148.0,0.0,1.0,9.0,0.0,27.0,17.0,2.0,0.1076470200000003,1.0,0.0,0.0,0.0,0.0,0.0,0.0,0.0,0.07,0.0,0.0,2.0,Gilson Tavares,421897.0,Gilson Tavares,1241302.0
29.0,Famalicao,132.0,1.0,1.0,7.0,0.0,38.0,21.0,0.0,0.0017175999999997,1.0,1.0,0.0,1.0,1.0,0.0,0.0,2.0,0.2299999999999999,0.04,0.06,2.0,Jhonder Cádiz,142819.0,Jhonder Cadiz,523414.0
29.0,Pacos-de-Ferreira,117.0,10.0,10.0,14.0,2.0,69.0,44.0,6.0,0.21862736,2.0,9.0,0.0,1.0,0.0,0.0,0.0,0.0,0.0,0.0,0.02,0.0,Fernando Fonseca,275110.0,Fernando Fonseca,625509.0
29.0,Porto,268.0,1.0,8.0,12.0,0.0,44.0,28.0,1.0,0.38245984,1.0,1.0,4.0,0.0,2.0,2.0,0.0,9.0,1.01,1.43,0.52,5.0,Toni Martínez,280060.0,Antonio Martinez,640123.0
29.0,Vizela,37.0,0.0,3.0,4.0,2.0,6.0,3.0,3.0,0.01739126,1.0,0.0,0.0,0.0,0.0,0.0,0.0,0.0,0.09,0.0,0.0,1.0,Andrés Sarmiento,431873.0,Andres Sarmiento,942987.0
30.0,Benfica,810.0,31.0,39.0,146.0,1.0,734.0,670.0,4.0,0.9250402600000002,6.0,48.0,0.0,0.0,0.0,0.0,0.0,8.0,0.91,0.68,0.13,1.0,Nicolás Otamendi,75691.0,Nicolas Otamendi,174321.0
30.0,Gil-Vicente,121.0,0.0,1.0,3.0,0.0,29.0,17.0,1.0,-0.2846048199999998,0.0,0.0,0.0,0.0,1.0,1.0,0.0,1.0,0.8899999999999999,0.94,0.08,2.0,Ali Alipourghara,403771.0,Ali Alipour,505960.0
30.0,Portimonense,0.0,0.0,0.0,0.0,0.0,0.0,0.0,0.0,0.0,0.0,0.0,0.0,0.0,0.0,0.0,0.0,0.0,0.0,0.0,0.0,0.0,,,Yong-Hak Kim,1388929.0
30.0,Porto,580.0,6.0,9.0,34.0,2.0,138.0,106.0,10.0,-0.0070639300000003,7.0,7.0,1.0,4.0,2.0,4.0,2.0,10.0,4.24,3.0,0.63,6.0,Evanilson,384430.0, Evanilson,1098096.0
30.0,Rio-Ave,231.0,14.0,5.0,26.0,1.0,128.0,109.0,5.0,0.1821060499999999,0.0,12.0,0.0,1.0,0.0,0.0,1.0,3.0,0.05,0.0,0.5900000000000001,1.0,Andreas Samaris,83798.0,Andreas Samaris,195724.0
30.0,Vitoria-de-Guimaraes,35.0,2.0,0.0,6.0,0.0,11.0,11.0,0.0,0.0084752599999999,0.0,0.0,0.0,0.0,0.0,0.0,0.0,0.0,0.0,0.0,0.01,0.0,Alfa Semedo,331757.0,Alfa Semedo,816274.0
31.0,Estoril,836.0,71.0,13.0,67.0,5.0,424.0,324.0,9.0,0.8668063999999998,5.0,42.0,1.0,5.0,2.0,0.0,2.0,0.0,0.0,0.0,0.6400000000000001,5.0,Joãozinho,105928.0, Joaozinho,280906.0
31.0,Famalicao,900.0,47.0,2.0,15.0,0.0,340.0,233.0,0.0,0.37041977,0.0,8.0,0.0,0.0,0.0,0.0,0.0,0.0,0.0,0.0,0.0,0.0,Luiz Júnior,400826.0,,
32.0,Arouca,0.0,0.0,0.0,0.0,0.0,0.0,0.0,0.0,0.0,0.0,0.0,0.0,0.0,0.0,0.0,0.0,0.0,0.0,0.0,0.0,0.0,,,Mustafa Kizza,938397.0
32.0,Estoril,765.0,25.0,23.0,104.0,5.0,345.0,283.0,6.0,0.6482801999999999,6.0,25.0,0.0,4.0,1.0,0.0,1.0,4.0,0.56,1.05,0.55,3.0,Loreintz Rosier,421892.0,Rosier Loreintz,955808.0
32.0,Famalicao,82.0,11.0,6.0,11.0,1.0,47.0,41.0,1.0,0.140881,2.0,4.0,0.0,1.0,0.0,0.0,0.0,0.0,0.0,0.0,0.04,1.0,Martín Aguirregabiria,333111.0,Martin Aguirregabiria,821417.0
32.0,Pacos-de-Ferreira,525.0,16.0,2.0,66.0,0.0,261.0,225.0,0.0,0.2398323199999999,0.0,5.0,0.0,0.0,0.0,0.0,0.0,3.0,0.16,0.0,0.01,0.0,Flávio Ramos,322859.0, Flávio,777188.0
32.0,Portimonense,540.0,46.0,4.0,17.0,1.0,246.0,168.0,1.0,0.3508892899999999,0.0,12.0,0.0,0.0,0.0,0.0,0.0,0.0,0.0,0.0,0.0,0.0,Kosuke Nakamura,126293.0,,
32.0,Santa-Clara,154.0,12.0,8.0,23.0,2.0,81.0,60.0,5.0,0.13521359,1.0,8.0,1.0,0.0,0.0,0.0,0.0,0.0,0.04,0.0,0.02,0.0,MT,451235.0,Matheus Nunes,1269785.0
33.0,Benfica,231.0,2.0,4.0,12.0,3.0,66.0,51.0,4.0,0.3815576599999999,3.0,3.0,2.0,1.0,4.0,1.0,1.0,7.0,1.77,0.73,1.11,9.0,Petar Musa,404198.0,Petar Musa,709796.0
33.0,Casa-Pia,900.0,42.0,6.0,23.0,0.0,349.0,236.0,0.0,0.2856697899999998,0.0,3.0,0.0,0.0,0.0,0.0,0.0,0.0,0.0,0.0,0.0,0.0,Ricardo Batista,135570.0,,
33.0,Pacos-de-Ferreira,0.0,0.0,0.0,0.0,0.0,0.0,0.0,0.0,0.0,0.0,0.0,0.0,0.0,0.0,0.0,0.0,0.0,0.0,0.0,0.0,0.0,,, Vasco,1394006.0
33.0,Rio-Ave,846.0,31.0,11.0,108.0,0.0,589.0,515.0,0.0,0.7096041000000002,1.0,13.0,0.0,0.0,0.0,0.0,0.0,3.0,0.2,0.0,0.07999999999999989,0.0,Aderllan Santos,125953.0,Aderllan Santos,361710.0
33.0,Sporting,35.0,0.0,10.0,5.0,1.0,27.0,21.0,2.0,-0.0064709300000001,2.0,0.0,0.0,0.0,0.0,0.0,0.0,0.0,0.0,0.0,0.01,0.0,Arthur Gomes,329403.0, Arthur,689051.0
33.0,Vitoria-de-Guimaraes,646.0,2.0,16.0,28.0,9.0,61.0,38.0,21.0,0.6821907099999996,6.0,4.0,7.0,0.0,0.0,2.0,0.0,15.0,2.2100000000000004,2.2,0.02,1.0,Anderson Silva,380620.0, Anderson,876734.0
34.0,Estoril,0.0,0.0,0.0,0.0,0.0,0.0,0.0,0.0,0.0,0.0,0.0,0.0,0.0,0.0,0.0,0.0,0.0,0.0,0.0,0.0,0.0,,, Mexer,191788.0
34.0,Maritimo,182.0,2.0,3.0,16.0,0.0,78.0,60.0,1.0,0.1323566,1.0,3.0,0.0,0.0,1.0,0.0,0.0,1.0,0.2899999999999999,0.03,0.05,1.0,Lucho Vega,421896.0,Luciano Vega,1285327.0
34.0,Pacos-de-Ferreira,90.0,1.0,4.0,10.0,0.0,55.0,51.0,0.0,0.05930288,1.0,1.0,0.0,0.0,0.0,0.0,0.0,1.0,0.08,0.0,0.01,0.0,Tiago Ilori,105974.0,Tiago Ilori,280977.0
35.0,Portimonense,296.0,3.0,7.0,13.0,2.0,63.0,41.0,10.0,-0.1090256300000001,3.0,2.0,1.0,1.0,1.0,0.0,0.0,10.0,1.44,0.88,0.13,4.0,Bryan Róchez,271553.0,Bryan Rochez,562961.0
35.0,Santa-Clara,185.0,6.0,0.0,22.0,0.0,74.0,45.0,1.0,0.1164904099999998,0.0,9.0,0.0,0.0,1.0,0.0,0.0,2.0,0.21,0.22,0.09,1.0,Pedro Bicalho,367282.0,Pedro Bicalho,994445.0
36.0,Maritimo,3.0,0.0,0.0,0.0,0.0,2.0,0.0,0.0,0.0,0.0,0.0,0.0,0.0,0.0,0.0,0.0,0.0,0.0,0.0,0.0,0.0,Percy Liza,446477.0,Carlos Liza,1053398.0
37.0,Santa-Clara,323.0,4.0,16.0,24.0,7.0,59.0,32.0,17.0,0.4506265099999997,6.0,5.0,3.0,3.0,0.0,2.0,0.0,4.0,1.25,1.85,0.13,3.0,Rildo,397582.0, Rildo,1174629.0
38.0,Benfica,0.0,0.0,0.0,0.0,0.0,0.0,0.0,0.0,0.0,0.0,0.0,0.0,0.0,0.0,0.0,0.0,0.0,0.0,0.0,0.0,0.0,,,Joao Victor,1047358.0
38.0,Portimonense,593.0,47.0,12.0,92.0,2.0,318.0,251.0,4.0,2.72723797,2.0,28.0,0.0,16.0,6.0,1.0,0.0,3.0,0.8700000000000001,1.03,1.3199999999999998,15.0,Paulo Estrela,391031.0,Paulo Estrela,824636.0
38.0,Vitoria-de-Guimaraes,49.0,2.0,1.0,3.0,2.0,17.0,12.0,2.0,0.04862825,0.0,0.0,0.0,1.0,1.0,0.0,0.0,0.0,0.0,0.0,0.03,1.0,Antoñin,393087.0,Antonio Cortés,1095185.0
39.0,Benfica,40.0,2.0,2.0,1.0,0.0,10.0,7.0,0.0,0.0565376199999999,1.0,1.0,1.0,0.0,0.0,0.0,0.0,0.0,0.24,0.0,0.01,0.0,Henrique Araújo,424769.0,Henrique Araujo,1192386.0
39.0,Portimonense,0.0,0.0,0.0,1.0,0.0,1.0,1.0,0.0,0.0729377599999999,0.0,0.0,0.0,1.0,0.0,0.0,0.0,0.0,0.0,0.0,0.04,0.0,Wilinton Aponzá Carabalí,423988.0,Wilinton Aponza,1292408.0
39.0,Santa-Clara,250.0,4.0,3.0,13.0,0.0,36.0,24.0,2.0,0.09988619,1.0,3.0,0.0,0.0,0.0,1.0,0.0,6.0,1.43,0.87,0.04,1.0,Matheus Babi,397827.0, Matheus,1023047.0
40.0,Chaves,45.0,0.0,0.0,8.0,0.0,7.0,6.0,0.0,-0.00011267,0.0,0.0,0.0,0.0,0.0,0.0,0.0,0.0,0.0,0.0,0.0,0.0,Nwankwo Obiora,91311.0,Nwankwo Obiorah,213743.0
41.0,Pacos-de-Ferreira,4.0,1.0,0.0,1.0,0.0,3.0,3.0,1.0,0.00212599,0.0,0.0,0.0,0.0,0.0,0.0,0.0,0.0,0.0,0.0,0.0,1.0,Mauro Couto,455733.0,Mauro Couto,1402606.0
41.0,Vitoria-de-Guimaraes,0.0,0.0,0.0,0.0,0.0,0.0,0.0,0.0,0.0,0.0,0.0,0.0,0.0,0.0,0.0,0.0,0.0,0.29,0.0,0.0,0.0,,,Jason Bahamboula,1356302.0
42.0,Boavista,887.0,41.0,33.0,108.0,12.0,465.0,366.0,22.0,0.4596435499999995,10.0,37.0,1.0,4.0,0.0,0.0,1.0,6.0,0.3999999999999999,0.42,0.4,7.0,Gaïus Makouta,423076.0,Gaius Makouta,773062.0
42.0,Casa-Pia,900.0,35.0,33.0,99.0,5.0,425.0,317.0,10.0,1.69041963,4.0,16.0,7.0,6.0,2.0,0.0,1.0,4.0,0.6699999999999999,0.12,1.5900000000000003,9.0,Lucas Soares,381793.0,Lucas Soares,1077665.0
42.0,Gil-Vicente,810.0,27.0,1.0,24.0,0.0,369.0,297.0,0.0,0.1090854899999999,0.0,4.0,0.0,0.0,0.0,0.0,0.0,0.0,0.0,0.0,0.0,0.0,Andrew,362746.0,,
42.0,Rio-Ave,405.0,14.0,7.0,42.0,0.0,175.0,143.0,0.0,0.1390302399999997,1.0,6.0,0.0,0.0,0.0,0.0,0.0,1.0,0.2,0.0,0.0,0.0,Renato Pantalon,444575.0,Renato Pantalon,978957.0
43.0,Arouca,247.0,16.0,6.0,30.0,1.0,88.0,57.0,7.0,1.1030453800000002,7.0,5.0,1.0,8.0,4.0,0.0,2.0,4.0,0.19,0.43,0.7200000000000001,12.0,Vitinho,416896.0, Vitinho,1249715.0
43.0,Porto,0.0,0.0,0.0,0.0,0.0,0.0,0.0,0.0,0.0,0.0,0.0,0.0,0.0,0.0,0.0,0.0,0.0,0.0,0.0,0.0,0.0,,,Joao Marcelo,1185338.0
43.0,Santa-Clara,464.0,14.0,11.0,54.0,0.0,257.0,210.0,0.0,0.2205738099999998,1.0,9.0,0.0,0.0,0.0,0.0,0.0,1.0,0.07,0.0,0.01,1.0,Paulo,444763.0, Paulo,1267274.0
44.0,Arouca,90.0,0.0,0.0,6.0,0.0,40.0,37.0,0.0,0.0195268999999999,0.0,0.0,0.0,0.0,0.0,0.0,0.0,0.0,0.0,0.0,0.0,0.0,Nino Galovic,401804.0,Nino Galovic,289213.0
44.0,Casa-Pia,0.0,0.0,0.0,0.0,0.0,0.0,0.0,0.0,0.0,0.0,0.0,0.0,0.0,0.0,0.0,0.0,0.0,0.0,0.0,0.0,0.0,,,Isaac Monteiro,1393694.0
44.0,Chaves,17.0,1.0,1.0,8.0,0.0,4.0,4.0,0.0,0.01826135,0.0,1.0,0.0,0.0,0.0,0.0,0.0,0.0,0.0,0.0,0.0,0.0,João Queirós,380662.0,Joao Queiros,822263.0
44.0,Maritimo,60.0,1.0,0.0,11.0,2.0,34.0,25.0,3.0,0.0357317799999998,1.0,1.0,0.0,0.0,0.0,0.0,0.0,0.0,0.0,0.0,0.0,0.0,André Teles,322666.0,Andre Teles,782855.0
44.0,Portimonense,630.0,50.0,18.0,100.0,1.0,341.0,278.0,4.0,0.6540332599999998,1.0,31.0,0.0,1.0,0.0,1.0,0.0,2.0,0.39,0.91,0.27,3.0,Pedrão,360107.0,Pedro Henrique,940134.0
44.0,Vitoria-de-Guimaraes,45.0,3.0,2.0,6.0,0.0,13.0,9.0,0.0,0.1239230399999999,0.0,2.0,0.0,1.0,1.0,0.0,0.0,0.0,0.0,0.0,0.04,1.0,Jorge Fernandes,351604.0,Jorge Fernandes,668727.0
45.0,Braga,557.0,22.0,20.0,47.0,5.0,203.0,164.0,13.0,1.6816447799999998,7.0,17.0,6.0,13.0,7.0,2.0,2.0,15.0,1.42,0.87,1.43,13.0,Iuri Medeiros,283362.0,Iuri Medeiros,361321.0
45.0,Maritimo,75.0,4.0,4.0,5.0,2.0,38.0,28.0,2.0,0.2920190099999999,1.0,2.0,0.0,1.0,0.0,0.0,0.0,0.0,0.0,0.0,0.15,1.0,Fábio China,322657.0,Fábio China,750883.0
46.0,Porto,597.0,29.0,8.0,45.0,2.0,310.0,240.0,2.0,1.4626243099999998,3.0,28.0,0.0,14.0,4.0,1.0,3.0,6.0,0.92,0.94,1.7,15.0,Stephen Eustáquio,351744.0,Stephen Eustaquio,816223.0
47.0,Sporting,370.0,19.0,13.0,49.0,0.0,242.0,206.0,4.0,0.3200781099999996,3.0,15.0,1.0,3.0,1.0,0.0,1.0,2.0,0.32,0.62,0.32,5.0,Ricardo Esgaio,109474.0,Ricardo Esgaio,300918.0
47.0,Vitoria-de-Guimaraes,9.0,0.0,0.0,2.0,0.0,2.0,1.0,0.0,-0.00416422,0.0,0.0,0.0,0.0,0.0,0.0,0.0,0.0,0.0,0.0,0.0,0.0,Jason Bahamboula,455075.0,,
49.0,Santa-Clara,680.0,40.0,32.0,48.0,12.0,205.0,107.0,35.0,3.82398213,10.0,16.0,9.0,27.0,2.0,1.0,0.0,11.0,0.8600000000000001,1.31,1.36,11.0,Gabriel Silva,397849.0,Gabriel Silva,1173684.0
50.0,Estoril,331.0,2.0,9.0,16.0,2.0,56.0,34.0,6.0,0.0873683899999999,1.0,9.0,2.0,0.0,1.0,2.0,0.0,1.0,1.35,1.5599999999999998,0.04,3.0,João Carlos,355704.0,Joao Carlos,935041.0
50.0,Vitoria-de-Guimaraes,0.0,0.0,0.0,0.0,0.0,0.0,0.0,0.0,0.0,0.0,0.0,0.0,0.0,0.0,0.0,0.0,0.0,0.0,0.0,0.0,0.0,,,Joao Ricciulli,969497.0
55.0,Benfica,0.0,0.0,0.0,0.0,0.0,0.0,0.0,0.0,0.0,0.0,0.0,0.0,0.0,0.0,0.0,0.0,0.0,0.0,0.0,0.0,0.0,,,Paulo Bernardo,1050831.0
55.0,Boavista,6.0,0.0,0.0,1.0,0.0,7.0,7.0,0.0,0.0075331599999998,0.0,1.0,0.0,0.0,0.0,0.0,0.0,0.0,0.23,0.64,0.0,0.0,Julio Dabo,444821.0,Julio Dabo,1393751.0
55.0,Gil-Vicente,213.0,13.0,8.0,23.0,1.0,125.0,85.0,5.0,0.3350094199999999,2.0,9.0,0.0,2.0,0.0,0.0,0.0,2.0,0.08,0.0,0.07,2.0,Henrique Gomes,383996.0,Henrique Gomes,606158.0
57.0,Braga,0.0,0.0,0.0,0.0,0.0,0.0,0.0,0.0,0.0,0.0,0.0,0.0,0.0,0.0,0.0,0.0,0.0,0.2,0.0,0.0,0.0,,,Rodrigo Gomes,1192166.0
57.0,Gil-Vicente,315.0,19.0,7.0,33.0,7.0,204.0,167.0,10.0,0.2864765999999998,2.0,24.0,1.0,0.0,1.0,0.0,1.0,4.0,0.1899999999999999,0.29,0.3099999999999999,2.0,Matheus Bueno,397499.0,Matheus Bueno,1173576.0
57.0,Maritimo,29.0,1.0,4.0,4.0,1.0,17.0,14.0,2.0,0.0573897,2.0,2.0,1.0,0.0,0.0,0.0,0.0,0.0,0.0,0.0,0.01,1.0,Geny Catamo,425093.0,Geny Catamo,1088753.0
59.0,Boavista,251.0,2.0,5.0,14.0,0.0,45.0,28.0,5.0,-0.0463298799999999,1.0,0.0,2.0,1.0,0.0,2.0,0.0,3.0,1.46,1.73,0.05,1.0,Martim Tavares,423601.0,Martim Tavares,1290663.0
59.0,Maritimo,360.0,9.0,0.0,9.0,0.0,125.0,95.0,0.0,0.0376959099999996,0.0,2.0,0.0,0.0,0.0,0.0,0.0,0.0,0.0,0.0,0.0,0.0,Matous Trmal,400847.0,,
61.0,Benfica,687.0,47.0,28.0,115.0,4.0,662.0,596.0,7.0,0.98974394,8.0,87.0,0.0,4.0,0.0,0.0,1.0,1.0,0.1,0.0,0.3999999999999999,6.0,Florentino,369712.0,Florentino Luis,793255.0
62.0,Boavista,0.0,0.0,0.0,0.0,0.0,0.0,0.0,0.0,0.0,0.0,0.0,0.0,0.0,0.0,0.0,0.0,0.0,0.0,0.0,0.0,0.0,,,Pedro Gomes,1388879.0
62.0,Estoril,680.0,44.0,37.0,87.0,10.0,338.0,249.0,21.0,1.45050276,12.0,22.0,4.0,9.0,1.0,0.0,1.0,1.0,0.07,0.0,0.8800000000000001,7.0,Tiago Santos,447025.0,Tiago Santos,1397857.0
63.0,Sporting,117.0,4.0,5.0,15.0,1.0,117.0,111.0,1.0,0.12269303,0.0,2.0,0.0,1.0,0.0,0.0,0.0,0.0,0.0,0.0,0.02,0.0,José Marsà,425882.0,Jose Marsa,1300670.0
64.0,Arouca,135.0,4.0,2.0,19.0,0.0,55.0,52.0,0.0,0.05819072,0.0,0.0,0.0,0.0,0.0,0.0,0.0,0.0,0.35,0.17,0.0,0.0,Rafael Fernandes,444508.0,Rafael Fernandes,1356327.0
66.0,Benfica,628.0,41.0,30.0,112.0,2.0,530.0,488.0,3.0,0.9306651,4.0,39.0,0.0,2.0,0.0,0.0,0.0,6.0,1.1800000000000002,0.97,0.34,0.0,António Silva,443613.0,Antonio Silva,1292092.0
66.0,Famalicao,0.0,0.0,0.0,0.0,0.0,0.0,0.0,0.0,0.0,0.0,0.0,0.0,0.0,0.0,0.0,0.0,0.0,0.0,0.0,0.0,0.0,,,Cláudio Silva,923549.0
66.0,Maritimo,794.0,34.0,9.0,107.0,2.0,385.0,310.0,2.0,0.4867256599999996,1.0,13.0,0.0,1.0,0.0,1.0,0.0,6.0,1.31,1.35,0.04,1.0,Léo Andrade,345713.0,Leo Andrade,882823.0
70.0,Boavista,630.0,24.0,26.0,84.0,6.0,316.0,228.0,10.0,0.7504752100000001,9.0,12.0,1.0,5.0,1.0,0.0,0.0,5.0,0.12,0.0,0.4,6.0,Bruno,454408.0,Sopuruchukwu Onyemaechi,1287837.0
70.0,Braga,714.0,50.0,19.0,99.0,5.0,414.0,321.0,13.0,1.29288943,5.0,23.0,1.0,13.0,4.0,0.0,0.0,2.0,0.21,0.16,0.8800000000000001,9.0,Fabiano,395940.0,Fabiano Silva,1165259.0
70.0,Casa-Pia,24.0,1.0,0.0,4.0,0.0,5.0,3.0,0.0,0.02070634,0.0,0.0,0.0,1.0,0.0,0.0,0.0,0.0,0.0,0.0,0.01,0.0,Anderson,444774.0, Anderson,1064524.0
70.0,Chaves,78.0,5.0,2.0,10.0,1.0,26.0,15.0,1.0,0.2226020099999999,1.0,2.0,0.0,2.0,0.0,0.0,0.0,0.0,0.1,0.0,0.11,3.0,Hélder Morim,444825.0,Helder Morim,1252416.0
70.0,Portimonense,453.0,13.0,25.0,49.0,12.0,154.0,106.0,31.0,1.40218673,14.0,7.0,3.0,8.0,4.0,0.0,0.0,7.0,0.33999999999999997,0.28,1.02,8.0,Rui Gomes,444819.0,Rui Gomes,717412.0
70.0,Porto,25.0,0.0,2.0,2.0,1.0,14.0,7.0,2.0,-0.0065275199999999,1.0,0.0,0.0,0.0,0.0,0.0,0.0,1.0,0.1,0.0,0.0,0.0,Gonçalo Borges,424768.0,Goncalo Borges,1080520.0
70.0,Rio-Ave,26.0,0.0,0.0,3.0,0.0,7.0,3.0,0.0,0.0027558999999999,0.0,0.0,0.0,0.0,0.0,0.0,0.0,0.0,0.0,0.0,0.0,0.0,Zé Manuel,322767.0,Zé Manuel,163910.0
70.0,Vitoria-de-Guimaraes,238.0,9.0,11.0,36.0,4.0,108.0,93.0,9.0,0.5037178499999999,5.0,13.0,1.0,1.0,1.0,0.0,2.0,0.0,0.2799999999999999,0.12,0.67,3.0,André Almeida,322246.0,André Almeida,777028.0
70.0,Vizela,54.0,1.0,4.0,7.0,3.0,16.0,9.0,6.0,0.25415112,2.0,1.0,0.0,0.0,0.0,0.0,0.0,0.0,0.38,0.88,0.01,0.0,Alejandro Alvarado,426917.0,Alejandro Alvarado,1188588.0
71.0,Braga,0.0,0.0,0.0,0.0,0.0,0.0,0.0,0.0,0.0,0.0,0.0,0.0,0.0,0.0,0.0,0.0,0.0,0.0,0.0,0.0,0.0,,,Hernani Infande,1202908.0
71.0,Sporting,12.0,0.0,2.0,1.0,0.0,8.0,5.0,0.0,0.0594738799999999,1.0,0.0,0.0,1.0,1.0,0.0,0.0,1.0,0.09,0.0,0.01,0.0,Flávio Nazinho,411913.0,Flavio Nazinho,1239590.0
72.0,Gil-Vicente,270.0,14.0,16.0,43.0,1.0,176.0,150.0,3.0,0.2873238299999999,1.0,14.0,0.0,0.0,0.0,0.0,1.0,3.0,0.3,0.0,0.03,3.0,Tomás Araújo,426502.0,Tomas Araujo,1187283.0
72.0,Vitoria-de-Guimaraes,369.0,29.0,13.0,30.0,2.0,176.0,129.0,6.0,0.4637268199999997,10.0,17.0,0.0,5.0,1.0,0.0,1.0,0.0,0.0,0.0,0.32,3.0,Afonso Freitas,447235.0,Afonso Freitas,1355720.0
73.0,Boavista,25.0,0.0,0.0,5.0,0.0,10.0,9.0,2.0,0.01801591,0.0,2.0,0.0,0.0,1.0,0.0,0.0,0.0,0.0,0.0,0.01,1.0,Tiago Morais,400990.0,Tiago Morais,1187392.0
73.0,Chaves,348.0,8.0,11.0,29.0,3.0,101.0,63.0,12.0,0.5091975399999998,6.0,4.0,3.0,6.0,2.0,0.0,0.0,1.0,0.09,0.0,0.46,4.0,Benny,444823.0,Bernardo Sousa,1188586.0
73.0,Sporting,45.0,5.0,2.0,4.0,0.0,40.0,38.0,0.0,0.0900123399999999,0.0,4.0,0.0,1.0,0.0,0.0,0.0,0.0,0.0,0.0,0.06,1.0,Chico Lamba,461457.0,Chico Lamba,1188585.0
74.0,Famalicao,304.0,10.0,14.0,44.0,2.0,131.0,93.0,7.0,0.59487898,4.0,6.0,0.0,4.0,2.0,1.0,0.0,4.0,0.33,0.11,0.25,4.0,Francisco Moura,401060.0,Francisco Moura,919374.0
76.0,Braga,8.0,1.0,1.0,2.0,0.0,5.0,4.0,0.0,0.05030667,1.0,0.0,0.0,1.0,1.0,0.0,0.0,0.0,0.0,0.0,0.07,1.0,Dinis Pinto,430434.0,Dinis Pinto,1325525.0
76.0,Vitoria-de-Guimaraes,68.0,11.0,2.0,12.0,0.0,40.0,29.0,2.0,0.0906776899999999,0.0,6.0,0.0,0.0,0.0,0.0,0.0,0.0,0.0,0.0,0.01,0.0,Bruno Gaspar,322790.0,Bruno Gaspar,361763.0
77.0,Boavista,185.0,0.0,7.0,10.0,0.0,63.0,44.0,2.0,0.00189732,3.0,0.0,0.0,0.0,0.0,0.0,0.0,0.0,0.21,0.6,0.05,1.0,Luís Santos,395938.0,Luis Santos,1079218.0
77.0,Chaves,899.0,61.0,44.0,116.0,9.0,461.0,348.0,23.0,3.2855186300000003,16.0,20.0,5.0,19.0,9.0,0.0,2.0,7.0,0.8600000000000001,0.77,1.87,15.0,João Correia,381794.0,Joao Correia,666950.0
77.0,Gil-Vicente,251.0,4.0,11.0,15.0,2.0,72.0,62.0,8.0,0.6136137899999999,4.0,4.0,2.0,2.0,2.0,1.0,0.0,6.0,0.5299999999999999,1.13,0.25,2.0,Murilo Souza,244655.0, Murilo,586719.0
77.0,Portimonense,20.0,4.0,1.0,4.0,0.0,12.0,11.0,0.0,0.1561975699999999,1.0,1.0,0.0,2.0,1.0,0.0,0.0,0.0,0.0,0.0,0.04,1.0,Adewale Oluwafemi Sapara,432110.0, Sapara,1185308.0
77.0,Rio-Ave,554.0,6.0,24.0,47.0,11.0,111.0,81.0,37.0,0.1847771799999996,4.0,5.0,3.0,4.0,2.0,1.0,1.0,2.0,0.6000000000000001,1.01,0.4899999999999999,3.0,Fábio Ronaldo,444576.0,Fabio Ronaldo,1288115.0
77.0,Santa-Clara,45.0,0.0,0.0,1.0,2.0,12.0,4.0,4.0,0.01248109,0.0,0.0,0.0,0.0,0.0,0.0,0.0,0.0,0.0,0.0,0.0,0.0,Rui Costa,351562.0,Rui Costa,776568.0
77.0,Sporting,0.0,0.0,0.0,0.0,0.0,0.0,0.0,0.0,0.0,0.0,0.0,0.0,0.0,0.0,0.0,0.0,0.0,0.0,0.0,0.0,0.0,,,Jovane Cabral,785716.0
78.0,Estoril,106.0,13.0,12.0,15.0,2.0,61.0,45.0,5.0,0.5460289099999998,3.0,3.0,1.0,6.0,1.0,0.0,0.0,1.0,0.28,0.51,0.1599999999999999,2.0,Tiago Araújo,407140.0,Tiago Araujo,1185329.0
78.0,Gil-Vicente,601.0,33.0,38.0,77.0,8.0,358.0,285.0,22.0,0.8217404900000002,19.0,19.0,0.0,6.0,1.0,0.0,0.0,1.0,0.15,0.0,0.4399999999999999,4.0,Danilo Veiga,444938.0,Danilo Veiga,1306664.0
78.0,Portimonense,0.0,0.0,0.0,0.0,0.0,0.0,0.0,0.0,0.0,0.0,0.0,0.0,0.0,0.0,0.0,0.0,0.0,0.0,0.0,0.0,0.0,,,Vinicius Guarapuava,1388928.0
79.0,Boavista,900.0,46.0,33.0,113.0,12.0,538.0,423.0,30.0,1.40662763,13.0,32.0,2.0,10.0,4.0,0.0,3.0,4.0,0.37,0.11,0.8400000000000001,6.0,Pedro Malheiro,422313.0,Pedro Malheiro,1282144.0
79.0,Estoril,366.0,3.0,4.0,8.0,2.0,38.0,28.0,3.0,-0.0472375999999997,2.0,4.0,1.0,1.0,0.0,1.0,0.0,6.0,0.58,0.8799999999999999,0.1,4.0,Erison,436624.0, Erison,1227341.0
79.0,Vizela,679.0,39.0,39.0,66.0,13.0,237.0,154.0,28.0,2.1532229700000003,15.0,12.0,6.0,18.0,4.0,1.0,1.0,15.0,1.21,1.5399999999999998,1.05,12.0,Nuno Moreira,421851.0,Nuno Moreira,1188608.0
80.0,Boavista,0.0,0.0,0.0,0.0,0.0,0.0,0.0,0.0,0.0,0.0,0.0,0.0,0.0,0.0,0.0,0.0,0.0,0.0,0.0,0.0,0.0,,, Berna,1282141.0
80.0,Santa-Clara,842.0,50.0,22.0,112.0,12.0,395.0,309.0,18.0,0.9577526199999996,6.0,46.0,0.0,5.0,1.0,0.0,0.0,1.0,0.29,0.08,0.38,6.0,Victor Bobsin,416885.0,Victor Bobsin,1248669.0
80.0,Vitoria-de-Guimaraes,143.0,11.0,2.0,23.0,0.0,98.0,86.0,4.0,0.32744321,1.0,9.0,0.0,3.0,0.0,0.0,0.0,0.0,0.0,0.0,0.11,1.0,Dani Silva,437999.0,Daniel Silva,1019567.0
82.0,Sporting,12.0,0.0,1.0,0.0,0.0,11.0,10.0,0.0,-0.0052445499999999,0.0,0.0,0.0,0.0,0.0,0.0,0.0,1.0,0.05,0.0,0.0,0.0,Mateus Fernandes,447231.0,Mateus Fernandes,1356312.0
82.0,Vizela,701.0,49.0,17.0,118.0,1.0,338.0,233.0,5.0,1.4812665899999995,9.0,29.0,1.0,11.0,4.0,0.0,1.0,1.0,0.12,0.25,0.78,10.0,Tomás Silva,416045.0,Tomás Silva,1188599.0
83.0,Vitoria-de-Guimaraes,180.0,6.0,2.0,23.0,0.0,73.0,58.0,1.0,0.07351773,1.0,3.0,0.0,0.0,0.0,0.0,0.0,0.0,0.0,0.0,0.0,0.0,Mamadou Tounkara,454565.0,Mamadou Tounkara,1355560.0
84.0,Sporting,0.0,0.0,0.0,0.0,0.0,0.0,0.0,0.0,0.0,0.0,0.0,0.0,0.0,0.0,0.0,0.0,0.0,0.0,0.0,0.0,0.0,,,Dario Essugo,1239595.0
85.0,Portimonense,24.0,1.0,1.0,6.0,0.0,13.0,9.0,1.0,0.03080953,1.0,2.0,0.0,0.0,0.0,0.0,0.0,0.0,0.0,0.0,0.01,0.0,Bruno Reis,370001.0,Bruno Reis,1022914.0
87.0,Estoril,207.0,11.0,9.0,21.0,3.0,90.0,67.0,7.0,0.2395655999999998,2.0,9.0,0.0,1.0,0.0,0.0,0.0,0.0,0.05,0.04,0.04,1.0,Gonçalo Esteves,421842.0,Goncalo Esteves,1285144.0
88.0,Benfica,665.0,4.0,10.0,30.0,3.0,102.0,76.0,10.0,0.6241317999999999,4.0,1.0,4.0,0.0,0.0,6.0,1.0,17.0,6.26,7.09,0.94,6.0,Gonçalo Ramos,395802.0,Goncalo Ramos,940087.0
88.0,Braga,256.0,8.0,7.0,26.0,0.0,144.0,124.0,2.0,0.0949637199999997,3.0,12.0,0.0,0.0,0.0,1.0,0.0,0.0,0.11,0.49,0.0699999999999999,0.0,Castro,35405.0,Andre Castro,40956.0
88.0,Casa-Pia,261.0,14.0,5.0,35.0,3.0,139.0,114.0,7.0,0.52045619,3.0,17.0,0.0,3.0,0.0,0.0,0.0,0.0,0.0,0.0,0.3399999999999998,3.0,Yan Eteki,381671.0,Yan Brice Eteki,785854.0
89.0,Santa-Clara,133.0,1.0,1.0,3.0,0.0,13.0,8.0,1.0,0.0380113499999999,1.0,2.0,0.0,0.0,0.0,0.0,0.0,0.0,0.02,0.0,0.0,0.0,João Marcos,407180.0,Joao Marcos,1210708.0
90.0,Estoril,28.0,0.0,2.0,1.0,1.0,7.0,2.0,1.0,0.03714785,1.0,0.0,2.0,1.0,0.0,0.0,0.0,1.0,0.08,0.0,0.02,0.0,Bamidele Isa Yusuf,455558.0,Yusuf Bamidele,1133802.0
90.0,Vitoria-de-Guimaraes,187.0,2.0,19.0,13.0,3.0,49.0,31.0,8.0,0.2693720199999999,5.0,3.0,5.0,2.0,0.0,0.0,1.0,3.0,0.09,0.0,0.2199999999999999,3.0,Michael Johnston,319796.0,Michael Johnston,766622.0
91.0,Benfica,360.0,19.0,20.0,54.0,1.0,270.0,240.0,1.0,0.4861383899999999,3.0,22.0,0.0,0.0,0.0,1.0,0.0,0.0,0.32,0.39,0.04,0.0,Morato,376916.0, Morato,1053838.0
91.0,Famalicao,218.0,14.0,18.0,31.0,2.0,113.0,75.0,10.0,0.8446133,4.0,5.0,3.0,5.0,2.0,0.0,0.0,0.0,0.1699999999999999,0.1899999999999999,0.49,6.0,Heriberto Tavares,361962.0, Heri,776583.0
91.0,Sporting,16.0,0.0,2.0,0.0,0.0,6.0,5.0,2.0,-0.0178646799999999,1.0,0.0,0.0,0.0,0.0,0.0,0.0,0.0,0.13,0.02,0.0,0.0,Rodrigo Ribeiro,434076.0,Rodrigo Ribeiro,1343749.0
93.0,Benfica,196.0,7.0,14.0,11.0,3.0,106.0,96.0,3.0,0.7473706599999999,4.0,11.0,2.0,4.0,2.0,1.0,0.0,5.0,0.43,1.06,0.94,5.0,Julian Draxler,96449.0,Julian Draxler,243164.0
93.0,Gil-Vicente,41.0,2.0,1.0,2.0,0.0,9.0,8.0,0.0,0.2297266499999999,0.0,0.0,0.0,2.0,1.0,0.0,1.0,1.0,0.13,0.0,0.4799999999999998,2.0,Élder Santana,132844.0,Elder Santana,467362.0
93.0,Portimonense,632.0,11.0,29.0,52.0,5.0,137.0,87.0,28.0,0.61423008,8.0,7.0,5.0,4.0,1.0,2.0,0.0,9.0,2.8600000000000003,2.4000000000000004,0.28,3.0,Welinton Júnior,130506.0,Welinton Junior,449834.0
93.0,Rio-Ave,396.0,10.0,46.0,48.0,9.0,122.0,97.0,30.0,0.3514533999999998,16.0,3.0,2.0,5.0,1.0,0.0,1.0,6.0,0.4299999999999999,0.02,0.49,3.0,Paulo Vitor,337885.0,Paulo Vitor,844440.0
94.0,Maritimo,466.0,40.0,15.0,55.0,5.0,236.0,170.0,7.0,0.7379652699999999,4.0,22.0,0.0,7.0,2.0,0.0,0.0,3.0,0.1699999999999999,0.09,0.1599999999999999,5.0,Vitor Costa,329366.0, Vitor,666937.0
94.0,Portimonense,360.0,24.0,2.0,8.0,0.0,138.0,91.0,0.0,0.16959809,0.0,5.0,0.0,0.0,0.0,0.0,0.0,0.0,0.0,0.0,0.0,0.0,Samuel,310029.0,,
95.0,Chaves,22.0,3.0,4.0,0.0,1.0,13.0,11.0,1.0,0.03203893,1.0,2.0,0.0,1.0,0.0,0.0,0.0,1.0,0.16,0.14,0.05,1.0,Jô,438901.0, Jo,694773.0
95.0,Estoril,308.0,15.0,14.0,24.0,5.0,109.0,69.0,10.0,1.0054345399999995,4.0,13.0,1.0,7.0,0.0,2.0,0.0,4.0,0.4,0.8300000000000001,0.78,5.0,James Léa Siliki,332144.0,James Léa Siliki,817148.0
95.0,Famalicao,114.0,4.0,2.0,14.0,3.0,25.0,16.0,3.0,0.0309249599999999,0.0,0.0,0.0,1.0,2.0,0.0,0.0,0.0,0.0,0.0,0.04,2.0,Theo Fonseca,444633.0,Theo Fonseca,1200814.0
95.0,Maritimo,875.0,9.0,19.0,42.0,11.0,191.0,133.0,24.0,0.2640475699999999,4.0,7.0,2.0,7.0,2.0,1.0,0.0,21.0,4.17,1.9,0.3499999999999999,7.0,Joel Tagueu,241843.0,Joel Tagueu,579808.0
95.0,Rio-Ave,97.0,0.0,4.0,4.0,0.0,29.0,26.0,0.0,-0.0703131099999999,3.0,1.0,0.0,0.0,0.0,0.0,0.0,0.0,0.04,0.0,0.01,3.0,André Pereira,349176.0,Andre Pereira,816235.0
95.0,Santa-Clara,774.0,59.0,28.0,104.0,4.0,383.0,271.0,10.0,1.99113269,8.0,32.0,0.0,12.0,2.0,0.0,0.0,1.0,0.1,0.0,1.1700000000000002,10.0,Pierre Sagna,92825.0,Pierre Sagna,215823.0
97.0,Famalicao,751.0,44.0,16.0,93.0,0.0,370.0,305.0,7.0,1.6804229999999998,10.0,24.0,1.0,14.0,3.0,1.0,1.0,6.0,0.3399999999999998,0.92,0.8800000000000001,8.0,Santiago Colombatto,298175.0,Santiago Colombatto,686460.0
97.0,Vizela,900.0,41.0,1.0,14.0,0.0,286.0,177.0,0.0,0.3691847999999998,0.0,9.0,0.0,0.0,0.0,0.0,0.0,0.0,0.0,0.0,0.0,0.0,Fabijan Buntic,326410.0,,
98.0,Pacos-de-Ferreira,540.0,33.0,0.0,13.0,0.0,190.0,145.0,0.0,0.23451433,0.0,5.0,0.0,0.0,0.0,0.0,0.0,0.0,0.0,0.0,0.0,0.0,Igor Vekic,412160.0,,
98.0,Vitoria-de-Guimaraes,61.0,9.0,5.0,2.0,0.0,52.0,41.0,1.0,0.7180723199999999,2.0,7.0,0.0,4.0,1.0,1.0,0.0,3.0,0.15,0.29,0.51,4.0,Nicolas Janvier,297541.0,Nicolas Janvier,684938.0
99.0,Benfica,900.0,20.0,1.0,10.0,0.0,230.0,202.0,0.0,0.1343865799999997,0.0,2.0,0.0,0.0,0.0,0.0,0.0,0.0,0.0,0.0,0.0,0.0,Odysseas Vlachodimos,110273.0,,
99.0,Braga,698.0,6.0,30.0,53.0,17.0,140.0,99.0,42.0,0.8216510099999998,10.0,8.0,10.0,5.0,3.0,4.0,1.0,14.0,2.52,3.0,0.7200000000000001,10.0,Vítor Oliveira,407949.0,Vitor Oliveira,1215057.0
99.0,Casa-Pia,390.0,0.0,6.0,14.0,4.0,77.0,63.0,11.0,0.02504662,5.0,2.0,2.0,1.0,0.0,3.0,0.0,15.0,2.62,2.19,0.05,1.0,Clayton,436559.0, Clayton,1290479.0
99.0,Estoril,900.0,33.0,0.0,22.0,0.0,399.0,306.0,0.0,0.1456371599999993,0.0,11.0,0.0,0.0,0.0,0.0,0.0,0.0,0.0,0.0,0.0,0.0,Daniel Figueira,331191.0,,
99.0,Maritimo,0.0,0.0,0.0,0.0,0.0,0.0,0.0,0.0,0.0,0.0,0.0,0.0,0.0,0.0,0.0,0.0,0.0,0.0,0.0,0.0,0.0,,,Carlos Eduardo,1404134.0
99.0,Portimonense,579.0,2.0,13.0,31.0,4.0,107.0,62.0,12.0,0.4057379700000001,10.0,7.0,3.0,1.0,0.0,0.0,0.0,0.0,0.0,0.0,0.0,0.0,Yago Cariello,444818.0,,
99.0,Porto,900.0,46.0,2.0,20.0,0.0,388.0,298.0,0.0,0.2867626399999994,0.0,9.0,0.0,0.0,0.0,0.0,0.0,0.0,0.0,0.0,0.0,0.0,Diogo Costa,373842.0,,
99.0,Santa-Clara,720.0,42.0,4.0,10.0,0.0,274.0,200.0,0.0,0.41869551,0.0,15.0,0.0,1.0,0.0,0.0,0.0,0.0,0.0,0.0,0.0,0.0,Marco Pereira,361916.0,,
99.0,Vizela,35.0,2.0,1.0,13.0,0.0,14.0,12.0,3.0,0.03091029,0.0,1.0,0.0,1.0,0.0,0.0,0.0,0.0,0.04,0.17,0.0699999999999999,0.0,Francis Cann,421845.0,Francis Cann,835457.0
